utterance_id,pair_id,split,tier,frame_pattern_id,domain,intent,vi,en,variant_type,canonical_id,risk_level,semantic_slots,synthetic,field_observed,quality_score,review_status,use_for_training
OV2_000001,P000001,test,core,CORE_A_safety_general_01,safety_general,REQUEST_INSPECTION,Kiểm tra mũ bảo hộ trước khi tiếp tục.,Check the safety helmet before continuing.,core_standard,C0001,high,"{""concept"": ""C0001""}",True,False,0.95,needs_domain_expert_review,False
OV2_000002,P000002,train,core,CORE_B_safety_general_01,safety_general,ASK_STATUS,Mũ bảo hộ đã được kiểm tra chưa?,Has the safety helmet been checked?,core_standard,C0001,high,"{""concept"": ""C0001""}",True,False,0.95,needs_domain_expert_review,True
OV2_000003,P000003,train,core,CORE_C_safety_general_01,safety_general,REPORT_PROBLEM,Có vấn đề với mũ bảo hộ.,There is a problem with the safety helmet.,core_standard,C0001,high,"{""concept"": ""C0001""}",True,False,0.95,needs_domain_expert_review,True
OV2_000004,P000004,train,core,CORE_D_safety_general_01,safety_general,REQUEST_INSPECTION,Kiểm tra lại mũ bảo hộ sau khi xử lý.,Recheck the safety helmet after corrective action.,core_standard,C0001,high,"{""concept"": ""C0001""}",True,False,0.95,needs_domain_expert_review,True
OV2_000005,P000005,train,core,CORE_A_safety_general_02,safety_general,REQUEST_INSPECTION,Kiểm tra kính bảo hộ trước khi tiếp tục.,Check the safety glasses before continuing.,core_standard,C0002,high,"{""concept"": ""C0002""}",True,False,0.95,needs_domain_expert_review,True
OV2_000006,P000006,train,core,CORE_B_safety_general_02,safety_general,ASK_STATUS,Kính bảo hộ đã được kiểm tra chưa?,Has the safety glasses been checked?,core_standard,C0002,high,"{""concept"": ""C0002""}",True,False,0.95,needs_domain_expert_review,True
OV2_000007,P000007,train,core,CORE_C_safety_general_02,safety_general,REPORT_PROBLEM,Có vấn đề với kính bảo hộ.,There is a problem with the safety glasses.,core_standard,C0002,high,"{""concept"": ""C0002""}",True,False,0.95,needs_domain_expert_review,True
OV2_000008,P000008,train,core,CORE_D_safety_general_02,safety_general,REQUEST_INSPECTION,Kiểm tra lại kính bảo hộ sau khi xử lý.,Recheck the safety glasses after corrective action.,core_standard,C0002,high,"{""concept"": ""C0002""}",True,False,0.95,needs_domain_expert_review,True
OV2_000009,P000009,train,core,CORE_A_safety_general_03,safety_general,REQUEST_INSPECTION,Kiểm tra găng tay bảo hộ trước khi tiếp tục.,Check the protective gloves before continuing.,core_standard,C0003,medium,"{""concept"": ""C0003""}",True,False,0.95,needs_domain_expert_review,True
OV2_000010,P000010,train,core,CORE_B_safety_general_03,safety_general,ASK_STATUS,Găng tay bảo hộ đã được kiểm tra chưa?,Has the protective gloves been checked?,core_standard,C0003,medium,"{""concept"": ""C0003""}",True,False,0.95,needs_domain_expert_review,True
OV2_000011,P000011,train,core,CORE_C_safety_general_03,safety_general,REPORT_PROBLEM,Có vấn đề với găng tay bảo hộ.,There is a problem with the protective gloves.,core_standard,C0003,medium,"{""concept"": ""C0003""}",True,False,0.95,needs_domain_expert_review,True
OV2_000012,P000012,train,core,CORE_D_safety_general_03,safety_general,REQUEST_INSPECTION,Kiểm tra lại găng tay bảo hộ sau khi xử lý.,Recheck the protective gloves after corrective action.,core_standard,C0003,medium,"{""concept"": ""C0003""}",True,False,0.95,needs_domain_expert_review,True
OV2_000013,P000013,train,core,CORE_A_safety_general_04,safety_general,REQUEST_INSPECTION,Kiểm tra giày bảo hộ trước khi tiếp tục.,Check the safety footwear before continuing.,core_standard,C0004,high,"{""concept"": ""C0004""}",True,False,0.95,needs_domain_expert_review,True
OV2_000014,P000014,train,core,CORE_B_safety_general_04,safety_general,ASK_STATUS,Giày bảo hộ đã được kiểm tra chưa?,Has the safety footwear been checked?,core_standard,C0004,high,"{""concept"": ""C0004""}",True,False,0.95,needs_domain_expert_review,True
OV2_000015,P000015,train,core,CORE_C_safety_general_04,safety_general,REPORT_PROBLEM,Có vấn đề với giày bảo hộ.,There is a problem with the safety footwear.,core_standard,C0004,high,"{""concept"": ""C0004""}",True,False,0.95,needs_domain_expert_review,True
OV2_000016,P000016,train,core,CORE_D_safety_general_04,safety_general,REQUEST_INSPECTION,Kiểm tra lại giày bảo hộ sau khi xử lý.,Recheck the safety footwear after corrective action.,core_standard,C0004,high,"{""concept"": ""C0004""}",True,False,0.95,needs_domain_expert_review,True
OV2_000017,P000017,train,core,CORE_A_safety_general_05,safety_general,REQUEST_INSPECTION,Kiểm tra áo phản quang trước khi tiếp tục.,Check the high-visibility vest before continuing.,core_standard,C0005,high,"{""concept"": ""C0005""}",True,False,0.95,needs_domain_expert_review,True
OV2_000018,P000018,train,core,CORE_B_safety_general_05,safety_general,ASK_STATUS,Áo phản quang đã được kiểm tra chưa?,Has the high-visibility vest been checked?,core_standard,C0005,high,"{""concept"": ""C0005""}",True,False,0.95,needs_domain_expert_review,True
OV2_000019,P000019,dev,core,CORE_C_safety_general_05,safety_general,REPORT_PROBLEM,Có vấn đề với áo phản quang.,There is a problem with the high-visibility vest.,core_standard,C0005,high,"{""concept"": ""C0005""}",True,False,0.95,needs_domain_expert_review,False
OV2_000020,P000020,train,core,CORE_D_safety_general_05,safety_general,REQUEST_INSPECTION,Kiểm tra lại áo phản quang sau khi xử lý.,Recheck the high-visibility vest after corrective action.,core_standard,C0005,high,"{""concept"": ""C0005""}",True,False,0.95,needs_domain_expert_review,True
OV2_000021,P000021,dev,core,CORE_A_safety_general_06,safety_general,REQUEST_INSPECTION,Kiểm tra nút dừng khẩn cấp trước khi tiếp tục.,Check the emergency stop button before continuing.,core_standard,C0006,critical,"{""concept"": ""C0006""}",True,False,0.95,needs_domain_expert_review,False
OV2_000022,P000022,train,core,CORE_B_safety_general_06,safety_general,ASK_STATUS,Nút dừng khẩn cấp đã được kiểm tra chưa?,Has the emergency stop button been checked?,core_standard,C0006,critical,"{""concept"": ""C0006""}",True,False,0.95,needs_domain_expert_review,True
OV2_000023,P000023,train,core,CORE_C_safety_general_06,safety_general,REPORT_PROBLEM,Có vấn đề với nút dừng khẩn cấp.,There is a problem with the emergency stop button.,core_standard,C0006,critical,"{""concept"": ""C0006""}",True,False,0.95,needs_domain_expert_review,True
OV2_000024,P000024,train,core,CORE_D_safety_general_06,safety_general,REQUEST_INSPECTION,Kiểm tra lại nút dừng khẩn cấp sau khi xử lý.,Recheck the emergency stop button after corrective action.,core_standard,C0006,critical,"{""concept"": ""C0006""}",True,False,0.95,needs_domain_expert_review,True
OV2_000025,P000025,train,core,CORE_A_safety_general_07,safety_general,REQUEST_INSPECTION,Kiểm tra lối thoát hiểm trước khi tiếp tục.,Check the emergency exit before continuing.,core_standard,C0007,critical,"{""concept"": ""C0007""}",True,False,0.95,needs_domain_expert_review,True
OV2_000026,P000026,train,core,CORE_B_safety_general_07,safety_general,ASK_STATUS,Lối thoát hiểm đã được kiểm tra chưa?,Has the emergency exit been checked?,core_standard,C0007,critical,"{""concept"": ""C0007""}",True,False,0.95,needs_domain_expert_review,True
OV2_000027,P000027,train,core,CORE_C_safety_general_07,safety_general,REPORT_PROBLEM,Có vấn đề với lối thoát hiểm.,There is a problem with the emergency exit.,core_standard,C0007,critical,"{""concept"": ""C0007""}",True,False,0.95,needs_domain_expert_review,True
OV2_000028,P000028,train,core,CORE_D_safety_general_07,safety_general,REQUEST_INSPECTION,Kiểm tra lại lối thoát hiểm sau khi xử lý.,Recheck the emergency exit after corrective action.,core_standard,C0007,critical,"{""concept"": ""C0007""}",True,False,0.95,needs_domain_expert_review,True
OV2_000029,P000029,train,core,CORE_A_safety_general_08,safety_general,REQUEST_INSPECTION,Kiểm tra điểm tập kết trước khi tiếp tục.,Check the assembly point before continuing.,core_standard,C0008,high,"{""concept"": ""C0008""}",True,False,0.95,needs_domain_expert_review,True
OV2_000030,P000030,train,core,CORE_B_safety_general_08,safety_general,ASK_STATUS,Điểm tập kết đã được kiểm tra chưa?,Has the assembly point been checked?,core_standard,C0008,high,"{""concept"": ""C0008""}",True,False,0.95,needs_domain_expert_review,True
OV2_000031,P000031,train,core,CORE_C_safety_general_08,safety_general,REPORT_PROBLEM,Có vấn đề với điểm tập kết.,There is a problem with the assembly point.,core_standard,C0008,high,"{""concept"": ""C0008""}",True,False,0.95,needs_domain_expert_review,True
OV2_000032,P000032,train,core,CORE_D_safety_general_08,safety_general,REQUEST_INSPECTION,Kiểm tra lại điểm tập kết sau khi xử lý.,Recheck the assembly point after corrective action.,core_standard,C0008,high,"{""concept"": ""C0008""}",True,False,0.95,needs_domain_expert_review,True
OV2_000033,P000033,train,core,CORE_A_safety_general_09,safety_general,REQUEST_INSPECTION,Kiểm tra bình chữa cháy trước khi tiếp tục.,Check the fire extinguisher before continuing.,core_standard,C0009,critical,"{""concept"": ""C0009""}",True,False,0.95,needs_domain_expert_review,True
OV2_000034,P000034,train,core,CORE_B_safety_general_09,safety_general,ASK_STATUS,Bình chữa cháy đã được kiểm tra chưa?,Has the fire extinguisher been checked?,core_standard,C0009,critical,"{""concept"": ""C0009""}",True,False,0.95,needs_domain_expert_review,True
OV2_000035,P000035,train,core,CORE_C_safety_general_09,safety_general,REPORT_PROBLEM,Có vấn đề với bình chữa cháy.,There is a problem with the fire extinguisher.,core_standard,C0009,critical,"{""concept"": ""C0009""}",True,False,0.95,needs_domain_expert_review,True
OV2_000036,P000036,train,core,CORE_D_safety_general_09,safety_general,REQUEST_INSPECTION,Kiểm tra lại bình chữa cháy sau khi xử lý.,Recheck the fire extinguisher after corrective action.,core_standard,C0009,critical,"{""concept"": ""C0009""}",True,False,0.95,needs_domain_expert_review,True
OV2_000037,P000037,train,core,CORE_A_safety_general_10,safety_general,REQUEST_INSPECTION,Kiểm tra vùng nguy hiểm trước khi tiếp tục.,Check the hazard zone before continuing.,core_standard,C0010,critical,"{""concept"": ""C0010""}",True,False,0.95,needs_domain_expert_review,True
OV2_000038,P000038,train,core,CORE_B_safety_general_10,safety_general,ASK_STATUS,Vùng nguy hiểm đã được kiểm tra chưa?,Has the hazard zone been checked?,core_standard,C0010,critical,"{""concept"": ""C0010""}",True,False,0.95,needs_domain_expert_review,True
OV2_000039,P000039,test,core,CORE_C_safety_general_10,safety_general,REPORT_PROBLEM,Có vấn đề với vùng nguy hiểm.,There is a problem with the hazard zone.,core_standard,C0010,critical,"{""concept"": ""C0010""}",True,False,0.95,needs_domain_expert_review,False
OV2_000040,P000040,train,core,CORE_D_safety_general_10,safety_general,REQUEST_INSPECTION,Kiểm tra lại vùng nguy hiểm sau khi xử lý.,Recheck the hazard zone after corrective action.,core_standard,C0010,critical,"{""concept"": ""C0010""}",True,False,0.95,needs_domain_expert_review,True
OV2_000041,P000041,train,core,CORE_A_safety_general_11,safety_general,REQUEST_INSPECTION,Kiểm tra khu vực cấm trước khi tiếp tục.,Check the restricted area before continuing.,core_standard,C0011,high,"{""concept"": ""C0011""}",True,False,0.95,needs_domain_expert_review,True
OV2_000042,P000042,test,core,CORE_B_safety_general_11,safety_general,ASK_STATUS,Khu vực cấm đã được kiểm tra chưa?,Has the restricted area been checked?,core_standard,C0011,high,"{""concept"": ""C0011""}",True,False,0.95,needs_domain_expert_review,False
OV2_000043,P000043,train,core,CORE_C_safety_general_11,safety_general,REPORT_PROBLEM,Có vấn đề với khu vực cấm.,There is a problem with the restricted area.,core_standard,C0011,high,"{""concept"": ""C0011""}",True,False,0.95,needs_domain_expert_review,True
OV2_000044,P000044,train,core,CORE_D_safety_general_11,safety_general,REQUEST_INSPECTION,Kiểm tra lại khu vực cấm sau khi xử lý.,Recheck the restricted area after corrective action.,core_standard,C0011,high,"{""concept"": ""C0011""}",True,False,0.95,needs_domain_expert_review,True
OV2_000045,P000045,train,core,CORE_A_safety_general_12,safety_general,REQUEST_INSPECTION,Kiểm tra rào chắn trước khi tiếp tục.,Check the barricade before continuing.,core_standard,C0012,high,"{""concept"": ""C0012""}",True,False,0.95,needs_domain_expert_review,True
OV2_000046,P000046,train,core,CORE_B_safety_general_12,safety_general,ASK_STATUS,Rào chắn đã được kiểm tra chưa?,Has the barricade been checked?,core_standard,C0012,high,"{""concept"": ""C0012""}",True,False,0.95,needs_domain_expert_review,True
OV2_000047,P000047,train,core,CORE_C_safety_general_12,safety_general,REPORT_PROBLEM,Có vấn đề với rào chắn.,There is a problem with the barricade.,core_standard,C0012,high,"{""concept"": ""C0012""}",True,False,0.95,needs_domain_expert_review,True
OV2_000048,P000048,dev,core,CORE_D_safety_general_12,safety_general,REQUEST_INSPECTION,Kiểm tra lại rào chắn sau khi xử lý.,Recheck the barricade after corrective action.,core_standard,C0012,high,"{""concept"": ""C0012""}",True,False,0.95,needs_domain_expert_review,False
OV2_000049,P000049,train,core,CORE_A_safety_general_13,safety_general,REQUEST_INSPECTION,Kiểm tra biển cảnh báo trước khi tiếp tục.,Check the warning sign before continuing.,core_standard,C0013,high,"{""concept"": ""C0013""}",True,False,0.95,needs_domain_expert_review,True
OV2_000050,P000050,train,core,CORE_B_safety_general_13,safety_general,ASK_STATUS,Biển cảnh báo đã được kiểm tra chưa?,Has the warning sign been checked?,core_standard,C0013,high,"{""concept"": ""C0013""}",True,False,0.95,needs_domain_expert_review,True
OV2_000051,P000051,train,core,CORE_C_safety_general_13,safety_general,REPORT_PROBLEM,Có vấn đề với biển cảnh báo.,There is a problem with the warning sign.,core_standard,C0013,high,"{""concept"": ""C0013""}",True,False,0.95,needs_domain_expert_review,True
OV2_000052,P000052,dev,core,CORE_D_safety_general_13,safety_general,REQUEST_INSPECTION,Kiểm tra lại biển cảnh báo sau khi xử lý.,Recheck the warning sign after corrective action.,core_standard,C0013,high,"{""concept"": ""C0013""}",True,False,0.95,needs_domain_expert_review,False
OV2_000053,P000053,train,core,CORE_A_safety_general_14,safety_general,REQUEST_INSPECTION,Kiểm tra giấy phép làm việc trước khi tiếp tục.,Check the permit to work before continuing.,core_standard,C0014,high,"{""concept"": ""C0014""}",True,False,0.95,needs_domain_expert_review,True
OV2_000054,P000054,test,core,CORE_B_safety_general_14,safety_general,ASK_STATUS,Giấy phép làm việc đã được kiểm tra chưa?,Has the permit to work been checked?,core_standard,C0014,high,"{""concept"": ""C0014""}",True,False,0.95,needs_domain_expert_review,False
OV2_000055,P000055,train,core,CORE_C_safety_general_14,safety_general,REPORT_PROBLEM,Có vấn đề với giấy phép làm việc.,There is a problem with the permit to work.,core_standard,C0014,high,"{""concept"": ""C0014""}",True,False,0.95,needs_domain_expert_review,True
OV2_000056,P000056,train,core,CORE_D_safety_general_14,safety_general,REQUEST_INSPECTION,Kiểm tra lại giấy phép làm việc sau khi xử lý.,Recheck the permit to work after corrective action.,core_standard,C0014,high,"{""concept"": ""C0014""}",True,False,0.95,needs_domain_expert_review,True
OV2_000057,P000057,train,core,CORE_A_safety_general_15,safety_general,REQUEST_INSPECTION,Kiểm tra khóa cô lập năng lượng trước khi tiếp tục.,Check the lockout device before continuing.,core_standard,C0015,critical,"{""concept"": ""C0015""}",True,False,0.95,needs_domain_expert_review,True
OV2_000058,P000058,train,core,CORE_B_safety_general_15,safety_general,ASK_STATUS,Khóa cô lập năng lượng đã được kiểm tra chưa?,Has the lockout device been checked?,core_standard,C0015,critical,"{""concept"": ""C0015""}",True,False,0.95,needs_domain_expert_review,True
OV2_000059,P000059,test,core,CORE_C_safety_general_15,safety_general,REPORT_PROBLEM,Có vấn đề với khóa cô lập năng lượng.,There is a problem with the lockout device.,core_standard,C0015,critical,"{""concept"": ""C0015""}",True,False,0.95,needs_domain_expert_review,False
OV2_000060,P000060,train,core,CORE_D_safety_general_15,safety_general,REQUEST_INSPECTION,Kiểm tra lại khóa cô lập năng lượng sau khi xử lý.,Recheck the lockout device after corrective action.,core_standard,C0015,critical,"{""concept"": ""C0015""}",True,False,0.95,needs_domain_expert_review,True
OV2_000061,P000061,test,core,CORE_A_safety_general_16,safety_general,REQUEST_INSPECTION,Kiểm tra thẻ cảnh báo LOTO trước khi tiếp tục.,Check the tagout tag before continuing.,core_standard,C0016,critical,"{""concept"": ""C0016""}",True,False,0.95,needs_domain_expert_review,False
OV2_000062,P000062,train,core,CORE_B_safety_general_16,safety_general,ASK_STATUS,Thẻ cảnh báo loto đã được kiểm tra chưa?,Has the tagout tag been checked?,core_standard,C0016,critical,"{""concept"": ""C0016""}",True,False,0.95,needs_domain_expert_review,True
OV2_000063,P000063,train,core,CORE_C_safety_general_16,safety_general,REPORT_PROBLEM,Có vấn đề với thẻ cảnh báo LOTO.,There is a problem with the tagout tag.,core_standard,C0016,critical,"{""concept"": ""C0016""}",True,False,0.95,needs_domain_expert_review,True
OV2_000064,P000064,train,core,CORE_D_safety_general_16,safety_general,REQUEST_INSPECTION,Kiểm tra lại thẻ cảnh báo LOTO sau khi xử lý.,Recheck the tagout tag after corrective action.,core_standard,C0016,critical,"{""concept"": ""C0016""}",True,False,0.95,needs_domain_expert_review,True
OV2_000065,P000065,train,core,CORE_A_safety_general_00,safety_general,REQUEST_INSPECTION,Kiểm tra sơ cứu trước khi tiếp tục.,Check the first aid before continuing.,core_standard,C0017,critical,"{""concept"": ""C0017""}",True,False,0.95,needs_domain_expert_review,True
OV2_000066,P000066,dev,core,CORE_B_safety_general_00,safety_general,ASK_STATUS,Sơ cứu đã được kiểm tra chưa?,Has the first aid been checked?,core_standard,C0017,critical,"{""concept"": ""C0017""}",True,False,0.95,needs_domain_expert_review,False
OV2_000067,P000067,train,core,CORE_C_safety_general_00,safety_general,REPORT_PROBLEM,Có vấn đề với sơ cứu.,There is a problem with the first aid.,core_standard,C0017,critical,"{""concept"": ""C0017""}",True,False,0.95,needs_domain_expert_review,True
OV2_000068,P000068,train,core,CORE_D_safety_general_00,safety_general,REQUEST_INSPECTION,Kiểm tra lại sơ cứu sau khi xử lý.,Recheck the first aid after corrective action.,core_standard,C0017,critical,"{""concept"": ""C0017""}",True,False,0.95,needs_domain_expert_review,True
OV2_000069,P000069,test,core,CORE_A_safety_general_01,safety_general,REQUEST_INSPECTION,Kiểm tra cáng cứu thương trước khi tiếp tục.,Check the stretcher before continuing.,core_standard,C0018,critical,"{""concept"": ""C0018""}",True,False,0.95,needs_domain_expert_review,False
OV2_000070,P000070,train,core,CORE_B_safety_general_01,safety_general,ASK_STATUS,Cáng cứu thương đã được kiểm tra chưa?,Has the stretcher been checked?,core_standard,C0018,critical,"{""concept"": ""C0018""}",True,False,0.95,needs_domain_expert_review,True
OV2_000071,P000071,train,core,CORE_C_safety_general_01,safety_general,REPORT_PROBLEM,Có vấn đề với cáng cứu thương.,There is a problem with the stretcher.,core_standard,C0018,critical,"{""concept"": ""C0018""}",True,False,0.95,needs_domain_expert_review,True
OV2_000072,P000072,train,core,CORE_D_safety_general_01,safety_general,REQUEST_INSPECTION,Kiểm tra lại cáng cứu thương sau khi xử lý.,Recheck the stretcher after corrective action.,core_standard,C0018,critical,"{""concept"": ""C0018""}",True,False,0.95,needs_domain_expert_review,True
OV2_000073,P000073,train,core,CORE_A_fall_scaffold_02,fall_scaffold,REQUEST_INSPECTION,Kiểm tra dây đai toàn thân trước khi tiếp tục.,Check the full-body harness before continuing.,core_standard,C0019,critical,"{""concept"": ""C0019""}",True,False,0.95,needs_domain_expert_review,True
OV2_000074,P000074,train,core,CORE_B_fall_scaffold_02,fall_scaffold,ASK_STATUS,Dây đai toàn thân đã được kiểm tra chưa?,Has the full-body harness been checked?,core_standard,C0019,critical,"{""concept"": ""C0019""}",True,False,0.95,needs_domain_expert_review,True
OV2_000075,P000075,test,core,CORE_C_fall_scaffold_02,fall_scaffold,REPORT_PROBLEM,Có vấn đề với dây đai toàn thân.,There is a problem with the full-body harness.,core_standard,C0019,critical,"{""concept"": ""C0019""}",True,False,0.95,needs_domain_expert_review,False
OV2_000076,P000076,train,core,CORE_D_fall_scaffold_02,fall_scaffold,REQUEST_INSPECTION,Kiểm tra lại dây đai toàn thân sau khi xử lý.,Recheck the full-body harness after corrective action.,core_standard,C0019,critical,"{""concept"": ""C0019""}",True,False,0.95,needs_domain_expert_review,True
OV2_000077,P000077,train,core,CORE_A_fall_scaffold_03,fall_scaffold,REQUEST_INSPECTION,Kiểm tra dây cứu sinh trước khi tiếp tục.,Check the lifeline before continuing.,core_standard,C0020,critical,"{""concept"": ""C0020""}",True,False,0.95,needs_domain_expert_review,True
OV2_000078,P000078,train,core,CORE_B_fall_scaffold_03,fall_scaffold,ASK_STATUS,Dây cứu sinh đã được kiểm tra chưa?,Has the lifeline been checked?,core_standard,C0020,critical,"{""concept"": ""C0020""}",True,False,0.95,needs_domain_expert_review,True
OV2_000079,P000079,train,core,CORE_C_fall_scaffold_03,fall_scaffold,REPORT_PROBLEM,Có vấn đề với dây cứu sinh.,There is a problem with the lifeline.,core_standard,C0020,critical,"{""concept"": ""C0020""}",True,False,0.95,needs_domain_expert_review,True
OV2_000080,P000080,train,core,CORE_D_fall_scaffold_03,fall_scaffold,REQUEST_INSPECTION,Kiểm tra lại dây cứu sinh sau khi xử lý.,Recheck the lifeline after corrective action.,core_standard,C0020,critical,"{""concept"": ""C0020""}",True,False,0.95,needs_domain_expert_review,True
OV2_000081,P000081,train,core,CORE_A_fall_scaffold_04,fall_scaffold,REQUEST_INSPECTION,Kiểm tra móc an toàn trước khi tiếp tục.,Check the snap hook before continuing.,core_standard,C0021,critical,"{""concept"": ""C0021""}",True,False,0.95,needs_domain_expert_review,True
OV2_000082,P000082,train,core,CORE_B_fall_scaffold_04,fall_scaffold,ASK_STATUS,Móc an toàn đã được kiểm tra chưa?,Has the snap hook been checked?,core_standard,C0021,critical,"{""concept"": ""C0021""}",True,False,0.95,needs_domain_expert_review,True
OV2_000083,P000083,train,core,CORE_C_fall_scaffold_04,fall_scaffold,REPORT_PROBLEM,Có vấn đề với móc an toàn.,There is a problem with the snap hook.,core_standard,C0021,critical,"{""concept"": ""C0021""}",True,False,0.95,needs_domain_expert_review,True
OV2_000084,P000084,test,core,CORE_D_fall_scaffold_04,fall_scaffold,REQUEST_INSPECTION,Kiểm tra lại móc an toàn sau khi xử lý.,Recheck the snap hook after corrective action.,core_standard,C0021,critical,"{""concept"": ""C0021""}",True,False,0.95,needs_domain_expert_review,False
OV2_000085,P000085,train,core,CORE_A_fall_scaffold_05,fall_scaffold,REQUEST_INSPECTION,Kiểm tra điểm neo trước khi tiếp tục.,Check the anchorage point before continuing.,core_standard,C0022,critical,"{""concept"": ""C0022""}",True,False,0.95,needs_domain_expert_review,True
OV2_000086,P000086,train,core,CORE_B_fall_scaffold_05,fall_scaffold,ASK_STATUS,Điểm neo đã được kiểm tra chưa?,Has the anchorage point been checked?,core_standard,C0022,critical,"{""concept"": ""C0022""}",True,False,0.95,needs_domain_expert_review,True
OV2_000087,P000087,train,core,CORE_C_fall_scaffold_05,fall_scaffold,REPORT_PROBLEM,Có vấn đề với điểm neo.,There is a problem with the anchorage point.,core_standard,C0022,critical,"{""concept"": ""C0022""}",True,False,0.95,needs_domain_expert_review,True
OV2_000088,P000088,train,core,CORE_D_fall_scaffold_05,fall_scaffold,REQUEST_INSPECTION,Kiểm tra lại điểm neo sau khi xử lý.,Recheck the anchorage point after corrective action.,core_standard,C0022,critical,"{""concept"": ""C0022""}",True,False,0.95,needs_domain_expert_review,True
OV2_000089,P000089,train,core,CORE_A_fall_scaffold_06,fall_scaffold,REQUEST_INSPECTION,Kiểm tra lan can bảo vệ trước khi tiếp tục.,Check the guardrail before continuing.,core_standard,C0023,critical,"{""concept"": ""C0023""}",True,False,0.95,needs_domain_expert_review,True
OV2_000090,P000090,train,core,CORE_B_fall_scaffold_06,fall_scaffold,ASK_STATUS,Lan can bảo vệ đã được kiểm tra chưa?,Has the guardrail been checked?,core_standard,C0023,critical,"{""concept"": ""C0023""}",True,False,0.95,needs_domain_expert_review,True
OV2_000091,P000091,train,core,CORE_C_fall_scaffold_06,fall_scaffold,REPORT_PROBLEM,Có vấn đề với lan can bảo vệ.,There is a problem with the guardrail.,core_standard,C0023,critical,"{""concept"": ""C0023""}",True,False,0.95,needs_domain_expert_review,True
OV2_000092,P000092,train,core,CORE_D_fall_scaffold_06,fall_scaffold,REQUEST_INSPECTION,Kiểm tra lại lan can bảo vệ sau khi xử lý.,Recheck the guardrail after corrective action.,core_standard,C0023,critical,"{""concept"": ""C0023""}",True,False,0.95,needs_domain_expert_review,True
OV2_000093,P000093,dev,core,CORE_A_fall_scaffold_07,fall_scaffold,REQUEST_INSPECTION,Kiểm tra tấm chắn chân trước khi tiếp tục.,Check the toe board before continuing.,core_standard,C0024,high,"{""concept"": ""C0024""}",True,False,0.95,needs_domain_expert_review,False
OV2_000094,P000094,train,core,CORE_B_fall_scaffold_07,fall_scaffold,ASK_STATUS,Tấm chắn chân đã được kiểm tra chưa?,Has the toe board been checked?,core_standard,C0024,high,"{""concept"": ""C0024""}",True,False,0.95,needs_domain_expert_review,True
OV2_000095,P000095,train,core,CORE_C_fall_scaffold_07,fall_scaffold,REPORT_PROBLEM,Có vấn đề với tấm chắn chân.,There is a problem with the toe board.,core_standard,C0024,high,"{""concept"": ""C0024""}",True,False,0.95,needs_domain_expert_review,True
OV2_000096,P000096,dev,core,CORE_D_fall_scaffold_07,fall_scaffold,REQUEST_INSPECTION,Kiểm tra lại tấm chắn chân sau khi xử lý.,Recheck the toe board after corrective action.,core_standard,C0024,high,"{""concept"": ""C0024""}",True,False,0.95,needs_domain_expert_review,False
OV2_000097,P000097,train,core,CORE_A_fall_scaffold_08,fall_scaffold,REQUEST_INSPECTION,Kiểm tra lưới an toàn trước khi tiếp tục.,Check the safety net before continuing.,core_standard,C0025,critical,"{""concept"": ""C0025""}",True,False,0.95,needs_domain_expert_review,True
OV2_000098,P000098,train,core,CORE_B_fall_scaffold_08,fall_scaffold,ASK_STATUS,Lưới an toàn đã được kiểm tra chưa?,Has the safety net been checked?,core_standard,C0025,critical,"{""concept"": ""C0025""}",True,False,0.95,needs_domain_expert_review,True
OV2_000099,P000099,test,core,CORE_C_fall_scaffold_08,fall_scaffold,REPORT_PROBLEM,Có vấn đề với lưới an toàn.,There is a problem with the safety net.,core_standard,C0025,critical,"{""concept"": ""C0025""}",True,False,0.95,needs_domain_expert_review,False
OV2_000100,P000100,train,core,CORE_D_fall_scaffold_08,fall_scaffold,REQUEST_INSPECTION,Kiểm tra lại lưới an toàn sau khi xử lý.,Recheck the safety net after corrective action.,core_standard,C0025,critical,"{""concept"": ""C0025""}",True,False,0.95,needs_domain_expert_review,True
OV2_000101,P000101,train,core,CORE_A_fall_scaffold_09,fall_scaffold,REQUEST_INSPECTION,Kiểm tra giàn giáo trước khi tiếp tục.,Check the scaffold before continuing.,core_standard,C0026,critical,"{""concept"": ""C0026""}",True,False,0.95,needs_domain_expert_review,True
OV2_000102,P000102,train,core,CORE_B_fall_scaffold_09,fall_scaffold,ASK_STATUS,Giàn giáo đã được kiểm tra chưa?,Has the scaffold been checked?,core_standard,C0026,critical,"{""concept"": ""C0026""}",True,False,0.95,needs_domain_expert_review,True
OV2_000103,P000103,train,core,CORE_C_fall_scaffold_09,fall_scaffold,REPORT_PROBLEM,Có vấn đề với giàn giáo.,There is a problem with the scaffold.,core_standard,C0026,critical,"{""concept"": ""C0026""}",True,False,0.95,needs_domain_expert_review,True
OV2_000104,P000104,train,core,CORE_D_fall_scaffold_09,fall_scaffold,REQUEST_INSPECTION,Kiểm tra lại giàn giáo sau khi xử lý.,Recheck the scaffold after corrective action.,core_standard,C0026,critical,"{""concept"": ""C0026""}",True,False,0.95,needs_domain_expert_review,True
OV2_000105,P000105,train,core,CORE_A_fall_scaffold_10,fall_scaffold,REQUEST_INSPECTION,Kiểm tra sàn công tác trước khi tiếp tục.,Check the work platform before continuing.,core_standard,C0027,critical,"{""concept"": ""C0027""}",True,False,0.95,needs_domain_expert_review,True
OV2_000106,P000106,train,core,CORE_B_fall_scaffold_10,fall_scaffold,ASK_STATUS,Sàn công tác đã được kiểm tra chưa?,Has the work platform been checked?,core_standard,C0027,critical,"{""concept"": ""C0027""}",True,False,0.95,needs_domain_expert_review,True
OV2_000107,P000107,train,core,CORE_C_fall_scaffold_10,fall_scaffold,REPORT_PROBLEM,Có vấn đề với sàn công tác.,There is a problem with the work platform.,core_standard,C0027,critical,"{""concept"": ""C0027""}",True,False,0.95,needs_domain_expert_review,True
OV2_000108,P000108,train,core,CORE_D_fall_scaffold_10,fall_scaffold,REQUEST_INSPECTION,Kiểm tra lại sàn công tác sau khi xử lý.,Recheck the work platform after corrective action.,core_standard,C0027,critical,"{""concept"": ""C0027""}",True,False,0.95,needs_domain_expert_review,True
OV2_000109,P000109,train,core,CORE_A_fall_scaffold_11,fall_scaffold,REQUEST_INSPECTION,Kiểm tra thang tiếp cận trước khi tiếp tục.,Check the access ladder before continuing.,core_standard,C0028,high,"{""concept"": ""C0028""}",True,False,0.95,needs_domain_expert_review,True
OV2_000110,P000110,train,core,CORE_B_fall_scaffold_11,fall_scaffold,ASK_STATUS,Thang tiếp cận đã được kiểm tra chưa?,Has the access ladder been checked?,core_standard,C0028,high,"{""concept"": ""C0028""}",True,False,0.95,needs_domain_expert_review,True
OV2_000111,P000111,train,core,CORE_C_fall_scaffold_11,fall_scaffold,REPORT_PROBLEM,Có vấn đề với thang tiếp cận.,There is a problem with the access ladder.,core_standard,C0028,high,"{""concept"": ""C0028""}",True,False,0.95,needs_domain_expert_review,True
OV2_000112,P000112,train,core,CORE_D_fall_scaffold_11,fall_scaffold,REQUEST_INSPECTION,Kiểm tra lại thang tiếp cận sau khi xử lý.,Recheck the access ladder after corrective action.,core_standard,C0028,high,"{""concept"": ""C0028""}",True,False,0.95,needs_domain_expert_review,True
OV2_000113,P000113,train,core,CORE_A_fall_scaffold_12,fall_scaffold,REQUEST_INSPECTION,Kiểm tra lỗ mở sàn trước khi tiếp tục.,Check the floor opening before continuing.,core_standard,C0029,critical,"{""concept"": ""C0029""}",True,False,0.95,needs_domain_expert_review,True
OV2_000114,P000114,dev,core,CORE_B_fall_scaffold_12,fall_scaffold,ASK_STATUS,Lỗ mở sàn đã được kiểm tra chưa?,Has the floor opening been checked?,core_standard,C0029,critical,"{""concept"": ""C0029""}",True,False,0.95,needs_domain_expert_review,False
OV2_000115,P000115,train,core,CORE_C_fall_scaffold_12,fall_scaffold,REPORT_PROBLEM,Có vấn đề với lỗ mở sàn.,There is a problem with the floor opening.,core_standard,C0029,critical,"{""concept"": ""C0029""}",True,False,0.95,needs_domain_expert_review,True
OV2_000116,P000116,train,core,CORE_D_fall_scaffold_12,fall_scaffold,REQUEST_INSPECTION,Kiểm tra lại lỗ mở sàn sau khi xử lý.,Recheck the floor opening after corrective action.,core_standard,C0029,critical,"{""concept"": ""C0029""}",True,False,0.95,needs_domain_expert_review,True
OV2_000117,P000117,train,core,CORE_A_fall_scaffold_13,fall_scaffold,REQUEST_INSPECTION,Kiểm tra mép sàn hở trước khi tiếp tục.,Check the unprotected edge before continuing.,core_standard,C0030,critical,"{""concept"": ""C0030""}",True,False,0.95,needs_domain_expert_review,True
OV2_000118,P000118,train,core,CORE_B_fall_scaffold_13,fall_scaffold,ASK_STATUS,Mép sàn hở đã được kiểm tra chưa?,Has the unprotected edge been checked?,core_standard,C0030,critical,"{""concept"": ""C0030""}",True,False,0.95,needs_domain_expert_review,True
OV2_000119,P000119,train,core,CORE_C_fall_scaffold_13,fall_scaffold,REPORT_PROBLEM,Có vấn đề với mép sàn hở.,There is a problem with the unprotected edge.,core_standard,C0030,critical,"{""concept"": ""C0030""}",True,False,0.95,needs_domain_expert_review,True
OV2_000120,P000120,train,core,CORE_D_fall_scaffold_13,fall_scaffold,REQUEST_INSPECTION,Kiểm tra lại mép sàn hở sau khi xử lý.,Recheck the unprotected edge after corrective action.,core_standard,C0030,critical,"{""concept"": ""C0030""}",True,False,0.95,needs_domain_expert_review,True
OV2_000121,P000121,train,core,CORE_A_fall_scaffold_14,fall_scaffold,REQUEST_INSPECTION,Kiểm tra mặt bằng làm việc trên cao trước khi tiếp tục.,Check the elevated work area before continuing.,core_standard,C0031,critical,"{""concept"": ""C0031""}",True,False,0.95,needs_domain_expert_review,True
OV2_000122,P000122,train,core,CORE_B_fall_scaffold_14,fall_scaffold,ASK_STATUS,Mặt bằng làm việc trên cao đã được kiểm tra chưa?,Has the elevated work area been checked?,core_standard,C0031,critical,"{""concept"": ""C0031""}",True,False,0.95,needs_domain_expert_review,True
OV2_000123,P000123,train,core,CORE_C_fall_scaffold_14,fall_scaffold,REPORT_PROBLEM,Có vấn đề với mặt bằng làm việc trên cao.,There is a problem with the elevated work area.,core_standard,C0031,critical,"{""concept"": ""C0031""}",True,False,0.95,needs_domain_expert_review,True
OV2_000124,P000124,test,core,CORE_D_fall_scaffold_14,fall_scaffold,REQUEST_INSPECTION,Kiểm tra lại mặt bằng làm việc trên cao sau khi xử lý.,Recheck the elevated work area after corrective action.,core_standard,C0031,critical,"{""concept"": ""C0031""}",True,False,0.95,needs_domain_expert_review,False
OV2_000125,P000125,test,core,CORE_A_fall_scaffold_15,fall_scaffold,REQUEST_INSPECTION,Kiểm tra thẻ giàn giáo trước khi tiếp tục.,Check the scaffold tag before continuing.,core_standard,C0032,high,"{""concept"": ""C0032""}",True,False,0.95,needs_domain_expert_review,False
OV2_000126,P000126,train,core,CORE_B_fall_scaffold_15,fall_scaffold,ASK_STATUS,Thẻ giàn giáo đã được kiểm tra chưa?,Has the scaffold tag been checked?,core_standard,C0032,high,"{""concept"": ""C0032""}",True,False,0.95,needs_domain_expert_review,True
OV2_000127,P000127,train,core,CORE_C_fall_scaffold_15,fall_scaffold,REPORT_PROBLEM,Có vấn đề với thẻ giàn giáo.,There is a problem with the scaffold tag.,core_standard,C0032,high,"{""concept"": ""C0032""}",True,False,0.95,needs_domain_expert_review,True
OV2_000128,P000128,dev,core,CORE_D_fall_scaffold_15,fall_scaffold,REQUEST_INSPECTION,Kiểm tra lại thẻ giàn giáo sau khi xử lý.,Recheck the scaffold tag after corrective action.,core_standard,C0032,high,"{""concept"": ""C0032""}",True,False,0.95,needs_domain_expert_review,False
OV2_000129,P000129,train,core,CORE_A_fall_scaffold_16,fall_scaffold,REQUEST_INSPECTION,Kiểm tra chân kích giàn giáo trước khi tiếp tục.,Check the scaffold jack before continuing.,core_standard,C0033,high,"{""concept"": ""C0033""}",True,False,0.95,needs_domain_expert_review,True
OV2_000130,P000130,train,core,CORE_B_fall_scaffold_16,fall_scaffold,ASK_STATUS,Chân kích giàn giáo đã được kiểm tra chưa?,Has the scaffold jack been checked?,core_standard,C0033,high,"{""concept"": ""C0033""}",True,False,0.95,needs_domain_expert_review,True
OV2_000131,P000131,train,core,CORE_C_fall_scaffold_16,fall_scaffold,REPORT_PROBLEM,Có vấn đề với chân kích giàn giáo.,There is a problem with the scaffold jack.,core_standard,C0033,high,"{""concept"": ""C0033""}",True,False,0.95,needs_domain_expert_review,True
OV2_000132,P000132,train,core,CORE_D_fall_scaffold_16,fall_scaffold,REQUEST_INSPECTION,Kiểm tra lại chân kích giàn giáo sau khi xử lý.,Recheck the scaffold jack after corrective action.,core_standard,C0033,high,"{""concept"": ""C0033""}",True,False,0.95,needs_domain_expert_review,True
OV2_000133,P000133,test,core,CORE_A_fall_scaffold_00,fall_scaffold,REQUEST_INSPECTION,Kiểm tra giằng chéo trước khi tiếp tục.,Check the cross brace before continuing.,core_standard,C0034,high,"{""concept"": ""C0034""}",True,False,0.95,needs_domain_expert_review,False
OV2_000134,P000134,test,core,CORE_B_fall_scaffold_00,fall_scaffold,ASK_STATUS,Giằng chéo đã được kiểm tra chưa?,Has the cross brace been checked?,core_standard,C0034,high,"{""concept"": ""C0034""}",True,False,0.95,needs_domain_expert_review,False
OV2_000135,P000135,test,core,CORE_C_fall_scaffold_00,fall_scaffold,REPORT_PROBLEM,Có vấn đề với giằng chéo.,There is a problem with the cross brace.,core_standard,C0034,high,"{""concept"": ""C0034""}",True,False,0.95,needs_domain_expert_review,False
OV2_000136,P000136,train,core,CORE_D_fall_scaffold_00,fall_scaffold,REQUEST_INSPECTION,Kiểm tra lại giằng chéo sau khi xử lý.,Recheck the cross brace after corrective action.,core_standard,C0034,high,"{""concept"": ""C0034""}",True,False,0.95,needs_domain_expert_review,True
OV2_000137,P000137,train,core,CORE_A_fall_scaffold_01,fall_scaffold,REQUEST_INSPECTION,Kiểm tra ván sàn giàn giáo trước khi tiếp tục.,Check the scaffold plank before continuing.,core_standard,C0035,critical,"{""concept"": ""C0035""}",True,False,0.95,needs_domain_expert_review,True
OV2_000138,P000138,train,core,CORE_B_fall_scaffold_01,fall_scaffold,ASK_STATUS,Ván sàn giàn giáo đã được kiểm tra chưa?,Has the scaffold plank been checked?,core_standard,C0035,critical,"{""concept"": ""C0035""}",True,False,0.95,needs_domain_expert_review,True
OV2_000139,P000139,train,core,CORE_C_fall_scaffold_01,fall_scaffold,REPORT_PROBLEM,Có vấn đề với ván sàn giàn giáo.,There is a problem with the scaffold plank.,core_standard,C0035,critical,"{""concept"": ""C0035""}",True,False,0.95,needs_domain_expert_review,True
OV2_000140,P000140,train,core,CORE_D_fall_scaffold_01,fall_scaffold,REQUEST_INSPECTION,Kiểm tra lại ván sàn giàn giáo sau khi xử lý.,Recheck the scaffold plank after corrective action.,core_standard,C0035,critical,"{""concept"": ""C0035""}",True,False,0.95,needs_domain_expert_review,True
OV2_000141,P000141,train,core,CORE_A_fall_scaffold_02,fall_scaffold,REQUEST_INSPECTION,Kiểm tra điểm buộc giàn giáo trước khi tiếp tục.,Check the scaffold tie before continuing.,core_standard,C0036,critical,"{""concept"": ""C0036""}",True,False,0.95,needs_domain_expert_review,True
OV2_000142,P000142,train,core,CORE_B_fall_scaffold_02,fall_scaffold,ASK_STATUS,Điểm buộc giàn giáo đã được kiểm tra chưa?,Has the scaffold tie been checked?,core_standard,C0036,critical,"{""concept"": ""C0036""}",True,False,0.95,needs_domain_expert_review,True
OV2_000143,P000143,test,core,CORE_C_fall_scaffold_02,fall_scaffold,REPORT_PROBLEM,Có vấn đề với điểm buộc giàn giáo.,There is a problem with the scaffold tie.,core_standard,C0036,critical,"{""concept"": ""C0036""}",True,False,0.95,needs_domain_expert_review,False
OV2_000144,P000144,train,core,CORE_D_fall_scaffold_02,fall_scaffold,REQUEST_INSPECTION,Kiểm tra lại điểm buộc giàn giáo sau khi xử lý.,Recheck the scaffold tie after corrective action.,core_standard,C0036,critical,"{""concept"": ""C0036""}",True,False,0.95,needs_domain_expert_review,True
OV2_000145,P000145,train,core,CORE_A_excavation_03,excavation,REQUEST_INSPECTION,Kiểm tra hố đào trước khi tiếp tục.,Check the excavation before continuing.,core_standard,C0037,critical,"{""concept"": ""C0037""}",True,False,0.95,needs_domain_expert_review,True
OV2_000146,P000146,train,core,CORE_B_excavation_03,excavation,ASK_STATUS,Hố đào đã được kiểm tra chưa?,Has the excavation been checked?,core_standard,C0037,critical,"{""concept"": ""C0037""}",True,False,0.95,needs_domain_expert_review,True
OV2_000147,P000147,train,core,CORE_C_excavation_03,excavation,REPORT_PROBLEM,Có vấn đề với hố đào.,There is a problem with the excavation.,core_standard,C0037,critical,"{""concept"": ""C0037""}",True,False,0.95,needs_domain_expert_review,True
OV2_000148,P000148,train,core,CORE_D_excavation_03,excavation,REQUEST_INSPECTION,Kiểm tra lại hố đào sau khi xử lý.,Recheck the excavation after corrective action.,core_standard,C0037,critical,"{""concept"": ""C0037""}",True,False,0.95,needs_domain_expert_review,True
OV2_000149,P000149,dev,core,CORE_A_excavation_04,excavation,REQUEST_INSPECTION,Kiểm tra rãnh đào trước khi tiếp tục.,Check the trench before continuing.,core_standard,C0038,critical,"{""concept"": ""C0038""}",True,False,0.95,needs_domain_expert_review,False
OV2_000150,P000150,train,core,CORE_B_excavation_04,excavation,ASK_STATUS,Rãnh đào đã được kiểm tra chưa?,Has the trench been checked?,core_standard,C0038,critical,"{""concept"": ""C0038""}",True,False,0.95,needs_domain_expert_review,True
OV2_000151,P000151,train,core,CORE_C_excavation_04,excavation,REPORT_PROBLEM,Có vấn đề với rãnh đào.,There is a problem with the trench.,core_standard,C0038,critical,"{""concept"": ""C0038""}",True,False,0.95,needs_domain_expert_review,True
OV2_000152,P000152,train,core,CORE_D_excavation_04,excavation,REQUEST_INSPECTION,Kiểm tra lại rãnh đào sau khi xử lý.,Recheck the trench after corrective action.,core_standard,C0038,critical,"{""concept"": ""C0038""}",True,False,0.95,needs_domain_expert_review,True
OV2_000153,P000153,train,core,CORE_A_excavation_05,excavation,REQUEST_INSPECTION,Kiểm tra mép hố đào trước khi tiếp tục.,Check the excavation edge before continuing.,core_standard,C0039,critical,"{""concept"": ""C0039""}",True,False,0.95,needs_domain_expert_review,True
OV2_000154,P000154,train,core,CORE_B_excavation_05,excavation,ASK_STATUS,Mép hố đào đã được kiểm tra chưa?,Has the excavation edge been checked?,core_standard,C0039,critical,"{""concept"": ""C0039""}",True,False,0.95,needs_domain_expert_review,True
OV2_000155,P000155,train,core,CORE_C_excavation_05,excavation,REPORT_PROBLEM,Có vấn đề với mép hố đào.,There is a problem with the excavation edge.,core_standard,C0039,critical,"{""concept"": ""C0039""}",True,False,0.95,needs_domain_expert_review,True
OV2_000156,P000156,train,core,CORE_D_excavation_05,excavation,REQUEST_INSPECTION,Kiểm tra lại mép hố đào sau khi xử lý.,Recheck the excavation edge after corrective action.,core_standard,C0039,critical,"{""concept"": ""C0039""}",True,False,0.95,needs_domain_expert_review,True
OV2_000157,P000157,train,core,CORE_A_excavation_06,excavation,REQUEST_INSPECTION,Kiểm tra thành hố đào trước khi tiếp tục.,Check the excavation face before continuing.,core_standard,C0040,critical,"{""concept"": ""C0040""}",True,False,0.95,needs_domain_expert_review,True
OV2_000158,P000158,dev,core,CORE_B_excavation_06,excavation,ASK_STATUS,Thành hố đào đã được kiểm tra chưa?,Has the excavation face been checked?,core_standard,C0040,critical,"{""concept"": ""C0040""}",True,False,0.95,needs_domain_expert_review,False
OV2_000159,P000159,train,core,CORE_C_excavation_06,excavation,REPORT_PROBLEM,Có vấn đề với thành hố đào.,There is a problem with the excavation face.,core_standard,C0040,critical,"{""concept"": ""C0040""}",True,False,0.95,needs_domain_expert_review,True
OV2_000160,P000160,test,core,CORE_D_excavation_06,excavation,REQUEST_INSPECTION,Kiểm tra lại thành hố đào sau khi xử lý.,Recheck the excavation face after corrective action.,core_standard,C0040,critical,"{""concept"": ""C0040""}",True,False,0.95,needs_domain_expert_review,False
OV2_000161,P000161,train,core,CORE_A_excavation_07,excavation,REQUEST_INSPECTION,Kiểm tra chống vách trước khi tiếp tục.,Check the shoring before continuing.,core_standard,C0041,critical,"{""concept"": ""C0041""}",True,False,0.95,needs_domain_expert_review,True
OV2_000162,P000162,train,core,CORE_B_excavation_07,excavation,ASK_STATUS,Chống vách đã được kiểm tra chưa?,Has the shoring been checked?,core_standard,C0041,critical,"{""concept"": ""C0041""}",True,False,0.95,needs_domain_expert_review,True
OV2_000163,P000163,train,core,CORE_C_excavation_07,excavation,REPORT_PROBLEM,Có vấn đề với chống vách.,There is a problem with the shoring.,core_standard,C0041,critical,"{""concept"": ""C0041""}",True,False,0.95,needs_domain_expert_review,True
OV2_000164,P000164,dev,core,CORE_D_excavation_07,excavation,REQUEST_INSPECTION,Kiểm tra lại chống vách sau khi xử lý.,Recheck the shoring after corrective action.,core_standard,C0041,critical,"{""concept"": ""C0041""}",True,False,0.95,needs_domain_expert_review,False
OV2_000165,P000165,train,core,CORE_A_excavation_08,excavation,REQUEST_INSPECTION,Kiểm tra hộp chống sập trước khi tiếp tục.,Check the trench shield before continuing.,core_standard,C0042,critical,"{""concept"": ""C0042""}",True,False,0.95,needs_domain_expert_review,True
OV2_000166,P000166,train,core,CORE_B_excavation_08,excavation,ASK_STATUS,Hộp chống sập đã được kiểm tra chưa?,Has the trench shield been checked?,core_standard,C0042,critical,"{""concept"": ""C0042""}",True,False,0.95,needs_domain_expert_review,True
OV2_000167,P000167,train,core,CORE_C_excavation_08,excavation,REPORT_PROBLEM,Có vấn đề với hộp chống sập.,There is a problem with the trench shield.,core_standard,C0042,critical,"{""concept"": ""C0042""}",True,False,0.95,needs_domain_expert_review,True
OV2_000168,P000168,dev,core,CORE_D_excavation_08,excavation,REQUEST_INSPECTION,Kiểm tra lại hộp chống sập sau khi xử lý.,Recheck the trench shield after corrective action.,core_standard,C0042,critical,"{""concept"": ""C0042""}",True,False,0.95,needs_domain_expert_review,False
OV2_000169,P000169,train,core,CORE_A_excavation_09,excavation,REQUEST_INSPECTION,Kiểm tra taluy bậc trước khi tiếp tục.,Check the benching system before continuing.,core_standard,C0043,high,"{""concept"": ""C0043""}",True,False,0.95,needs_domain_expert_review,True
OV2_000170,P000170,train,core,CORE_B_excavation_09,excavation,ASK_STATUS,Taluy bậc đã được kiểm tra chưa?,Has the benching system been checked?,core_standard,C0043,high,"{""concept"": ""C0043""}",True,False,0.95,needs_domain_expert_review,True
OV2_000171,P000171,dev,core,CORE_C_excavation_09,excavation,REPORT_PROBLEM,Có vấn đề với taluy bậc.,There is a problem with the benching system.,core_standard,C0043,high,"{""concept"": ""C0043""}",True,False,0.95,needs_domain_expert_review,False
OV2_000172,P000172,test,core,CORE_D_excavation_09,excavation,REQUEST_INSPECTION,Kiểm tra lại taluy bậc sau khi xử lý.,Recheck the benching system after corrective action.,core_standard,C0043,high,"{""concept"": ""C0043""}",True,False,0.95,needs_domain_expert_review,False
OV2_000173,P000173,train,core,CORE_A_excavation_10,excavation,REQUEST_INSPECTION,Kiểm tra taluy dốc trước khi tiếp tục.,Check the sloping system before continuing.,core_standard,C0044,high,"{""concept"": ""C0044""}",True,False,0.95,needs_domain_expert_review,True
OV2_000174,P000174,train,core,CORE_B_excavation_10,excavation,ASK_STATUS,Taluy dốc đã được kiểm tra chưa?,Has the sloping system been checked?,core_standard,C0044,high,"{""concept"": ""C0044""}",True,False,0.95,needs_domain_expert_review,True
OV2_000175,P000175,train,core,CORE_C_excavation_10,excavation,REPORT_PROBLEM,Có vấn đề với taluy dốc.,There is a problem with the sloping system.,core_standard,C0044,high,"{""concept"": ""C0044""}",True,False,0.95,needs_domain_expert_review,True
OV2_000176,P000176,train,core,CORE_D_excavation_10,excavation,REQUEST_INSPECTION,Kiểm tra lại taluy dốc sau khi xử lý.,Recheck the sloping system after corrective action.,core_standard,C0044,high,"{""concept"": ""C0044""}",True,False,0.95,needs_domain_expert_review,True
OV2_000177,P000177,train,core,CORE_A_excavation_11,excavation,REQUEST_INSPECTION,Kiểm tra đất đào trước khi tiếp tục.,Check the spoil before continuing.,core_standard,C0045,medium,"{""concept"": ""C0045""}",True,False,0.95,needs_domain_expert_review,True
OV2_000178,P000178,train,core,CORE_B_excavation_11,excavation,ASK_STATUS,Đất đào đã được kiểm tra chưa?,Has the spoil been checked?,core_standard,C0045,medium,"{""concept"": ""C0045""}",True,False,0.95,needs_domain_expert_review,True
OV2_000179,P000179,train,core,CORE_C_excavation_11,excavation,REPORT_PROBLEM,Có vấn đề với đất đào.,There is a problem with the spoil.,core_standard,C0045,medium,"{""concept"": ""C0045""}",True,False,0.95,needs_domain_expert_review,True
OV2_000180,P000180,train,core,CORE_D_excavation_11,excavation,REQUEST_INSPECTION,Kiểm tra lại đất đào sau khi xử lý.,Recheck the spoil after corrective action.,core_standard,C0045,medium,"{""concept"": ""C0045""}",True,False,0.95,needs_domain_expert_review,True
OV2_000181,P000181,train,core,CORE_A_excavation_12,excavation,REQUEST_INSPECTION,Kiểm tra sạt lở trước khi tiếp tục.,Check the cave-in before continuing.,core_standard,C0046,critical,"{""concept"": ""C0046""}",True,False,0.95,needs_domain_expert_review,True
OV2_000182,P000182,train,core,CORE_B_excavation_12,excavation,ASK_STATUS,Sạt lở đã được kiểm tra chưa?,Has the cave-in been checked?,core_standard,C0046,critical,"{""concept"": ""C0046""}",True,False,0.95,needs_domain_expert_review,True
OV2_000183,P000183,test,core,CORE_C_excavation_12,excavation,REPORT_PROBLEM,Có vấn đề với sạt lở.,There is a problem with the cave-in.,core_standard,C0046,critical,"{""concept"": ""C0046""}",True,False,0.95,needs_domain_expert_review,False
OV2_000184,P000184,dev,core,CORE_D_excavation_12,excavation,REQUEST_INSPECTION,Kiểm tra lại sạt lở sau khi xử lý.,Recheck the cave-in after corrective action.,core_standard,C0046,critical,"{""concept"": ""C0046""}",True,False,0.95,needs_domain_expert_review,False
OV2_000185,P000185,test,core,CORE_A_excavation_13,excavation,REQUEST_INSPECTION,Kiểm tra nước đọng trong hố trước khi tiếp tục.,Check the standing water in excavation before continuing.,core_standard,C0047,high,"{""concept"": ""C0047""}",True,False,0.95,needs_domain_expert_review,False
OV2_000186,P000186,train,core,CORE_B_excavation_13,excavation,ASK_STATUS,Nước đọng trong hố đã được kiểm tra chưa?,Has the standing water in excavation been checked?,core_standard,C0047,high,"{""concept"": ""C0047""}",True,False,0.95,needs_domain_expert_review,True
OV2_000187,P000187,train,core,CORE_C_excavation_13,excavation,REPORT_PROBLEM,Có vấn đề với nước đọng trong hố.,There is a problem with the standing water in excavation.,core_standard,C0047,high,"{""concept"": ""C0047""}",True,False,0.95,needs_domain_expert_review,True
OV2_000188,P000188,train,core,CORE_D_excavation_13,excavation,REQUEST_INSPECTION,Kiểm tra lại nước đọng trong hố sau khi xử lý.,Recheck the standing water in excavation after corrective action.,core_standard,C0047,high,"{""concept"": ""C0047""}",True,False,0.95,needs_domain_expert_review,True
OV2_000189,P000189,train,core,CORE_A_excavation_14,excavation,REQUEST_INSPECTION,Kiểm tra khí quyển nguy hiểm trước khi tiếp tục.,Check the hazardous atmosphere before continuing.,core_standard,C0048,critical,"{""concept"": ""C0048""}",True,False,0.95,needs_domain_expert_review,True
OV2_000190,P000190,train,core,CORE_B_excavation_14,excavation,ASK_STATUS,Khí quyển nguy hiểm đã được kiểm tra chưa?,Has the hazardous atmosphere been checked?,core_standard,C0048,critical,"{""concept"": ""C0048""}",True,False,0.95,needs_domain_expert_review,True
OV2_000191,P000191,train,core,CORE_C_excavation_14,excavation,REPORT_PROBLEM,Có vấn đề với khí quyển nguy hiểm.,There is a problem with the hazardous atmosphere.,core_standard,C0048,critical,"{""concept"": ""C0048""}",True,False,0.95,needs_domain_expert_review,True
OV2_000192,P000192,dev,core,CORE_D_excavation_14,excavation,REQUEST_INSPECTION,Kiểm tra lại khí quyển nguy hiểm sau khi xử lý.,Recheck the hazardous atmosphere after corrective action.,core_standard,C0048,critical,"{""concept"": ""C0048""}",True,False,0.95,needs_domain_expert_review,False
OV2_000193,P000193,train,core,CORE_A_excavation_15,excavation,REQUEST_INSPECTION,Kiểm tra đường điện ngầm trước khi tiếp tục.,Check the underground power line before continuing.,core_standard,C0049,critical,"{""concept"": ""C0049""}",True,False,0.95,needs_domain_expert_review,True
OV2_000194,P000194,train,core,CORE_B_excavation_15,excavation,ASK_STATUS,Đường điện ngầm đã được kiểm tra chưa?,Has the underground power line been checked?,core_standard,C0049,critical,"{""concept"": ""C0049""}",True,False,0.95,needs_domain_expert_review,True
OV2_000195,P000195,train,core,CORE_C_excavation_15,excavation,REPORT_PROBLEM,Có vấn đề với đường điện ngầm.,There is a problem with the underground power line.,core_standard,C0049,critical,"{""concept"": ""C0049""}",True,False,0.95,needs_domain_expert_review,True
OV2_000196,P000196,test,core,CORE_D_excavation_15,excavation,REQUEST_INSPECTION,Kiểm tra lại đường điện ngầm sau khi xử lý.,Recheck the underground power line after corrective action.,core_standard,C0049,critical,"{""concept"": ""C0049""}",True,False,0.95,needs_domain_expert_review,False
OV2_000197,P000197,test,core,CORE_A_excavation_16,excavation,REQUEST_INSPECTION,Kiểm tra đường ống ngầm trước khi tiếp tục.,Check the underground utility line before continuing.,core_standard,C0050,critical,"{""concept"": ""C0050""}",True,False,0.95,needs_domain_expert_review,False
OV2_000198,P000198,test,core,CORE_B_excavation_16,excavation,ASK_STATUS,Đường ống ngầm đã được kiểm tra chưa?,Has the underground utility line been checked?,core_standard,C0050,critical,"{""concept"": ""C0050""}",True,False,0.95,needs_domain_expert_review,False
OV2_000199,P000199,train,core,CORE_C_excavation_16,excavation,REPORT_PROBLEM,Có vấn đề với đường ống ngầm.,There is a problem with the underground utility line.,core_standard,C0050,critical,"{""concept"": ""C0050""}",True,False,0.95,needs_domain_expert_review,True
OV2_000200,P000200,train,core,CORE_D_excavation_16,excavation,REQUEST_INSPECTION,Kiểm tra lại đường ống ngầm sau khi xử lý.,Recheck the underground utility line after corrective action.,core_standard,C0050,critical,"{""concept"": ""C0050""}",True,False,0.95,needs_domain_expert_review,True
OV2_000201,P000201,train,core,CORE_A_excavation_00,excavation,REQUEST_INSPECTION,Kiểm tra thang xuống hố trước khi tiếp tục.,Check the access ladder before continuing.,core_standard,C0051,high,"{""concept"": ""C0051""}",True,False,0.95,needs_domain_expert_review,True
OV2_000202,P000202,train,core,CORE_B_excavation_00,excavation,ASK_STATUS,Thang xuống hố đã được kiểm tra chưa?,Has the access ladder been checked?,core_standard,C0051,high,"{""concept"": ""C0051""}",True,False,0.95,needs_domain_expert_review,True
OV2_000203,P000203,train,core,CORE_C_excavation_00,excavation,REPORT_PROBLEM,Có vấn đề với thang xuống hố.,There is a problem with the access ladder.,core_standard,C0051,high,"{""concept"": ""C0051""}",True,False,0.95,needs_domain_expert_review,True
OV2_000204,P000204,train,core,CORE_D_excavation_00,excavation,REQUEST_INSPECTION,Kiểm tra lại thang xuống hố sau khi xử lý.,Recheck the access ladder after corrective action.,core_standard,C0051,high,"{""concept"": ""C0051""}",True,False,0.95,needs_domain_expert_review,True
OV2_000205,P000205,test,core,CORE_A_excavation_01,excavation,REQUEST_INSPECTION,Kiểm tra lối ra vào hố trước khi tiếp tục.,Check the safe access and egress before continuing.,core_standard,C0052,high,"{""concept"": ""C0052""}",True,False,0.95,needs_domain_expert_review,False
OV2_000206,P000206,train,core,CORE_B_excavation_01,excavation,ASK_STATUS,Lối ra vào hố đã được kiểm tra chưa?,Has the safe access and egress been checked?,core_standard,C0052,high,"{""concept"": ""C0052""}",True,False,0.95,needs_domain_expert_review,True
OV2_000207,P000207,train,core,CORE_C_excavation_01,excavation,REPORT_PROBLEM,Có vấn đề với lối ra vào hố.,There is a problem with the safe access and egress.,core_standard,C0052,high,"{""concept"": ""C0052""}",True,False,0.95,needs_domain_expert_review,True
OV2_000208,P000208,train,core,CORE_D_excavation_01,excavation,REQUEST_INSPECTION,Kiểm tra lại lối ra vào hố sau khi xử lý.,Recheck the safe access and egress after corrective action.,core_standard,C0052,high,"{""concept"": ""C0052""}",True,False,0.95,needs_domain_expert_review,True
OV2_000209,P000209,train,core,CORE_A_excavation_02,excavation,REQUEST_INSPECTION,Kiểm tra máy bơm thoát nước trước khi tiếp tục.,Check the dewatering pump before continuing.,core_standard,C0053,medium,"{""concept"": ""C0053""}",True,False,0.95,needs_domain_expert_review,True
OV2_000210,P000210,train,core,CORE_B_excavation_02,excavation,ASK_STATUS,Máy bơm thoát nước đã được kiểm tra chưa?,Has the dewatering pump been checked?,core_standard,C0053,medium,"{""concept"": ""C0053""}",True,False,0.95,needs_domain_expert_review,True
OV2_000211,P000211,train,core,CORE_C_excavation_02,excavation,REPORT_PROBLEM,Có vấn đề với máy bơm thoát nước.,There is a problem with the dewatering pump.,core_standard,C0053,medium,"{""concept"": ""C0053""}",True,False,0.95,needs_domain_expert_review,True
OV2_000212,P000212,train,core,CORE_D_excavation_02,excavation,REQUEST_INSPECTION,Kiểm tra lại máy bơm thoát nước sau khi xử lý.,Recheck the dewatering pump after corrective action.,core_standard,C0053,medium,"{""concept"": ""C0053""}",True,False,0.95,needs_domain_expert_review,True
OV2_000213,P000213,train,core,CORE_A_excavation_03,excavation,REQUEST_INSPECTION,Kiểm tra cọc chống trước khi tiếp tục.,Check the shoring post before continuing.,core_standard,C0054,high,"{""concept"": ""C0054""}",True,False,0.95,needs_domain_expert_review,True
OV2_000214,P000214,train,core,CORE_B_excavation_03,excavation,ASK_STATUS,Cọc chống đã được kiểm tra chưa?,Has the shoring post been checked?,core_standard,C0054,high,"{""concept"": ""C0054""}",True,False,0.95,needs_domain_expert_review,True
OV2_000215,P000215,train,core,CORE_C_excavation_03,excavation,REPORT_PROBLEM,Có vấn đề với cọc chống.,There is a problem with the shoring post.,core_standard,C0054,high,"{""concept"": ""C0054""}",True,False,0.95,needs_domain_expert_review,True
OV2_000216,P000216,train,core,CORE_D_excavation_03,excavation,REQUEST_INSPECTION,Kiểm tra lại cọc chống sau khi xử lý.,Recheck the shoring post after corrective action.,core_standard,C0054,high,"{""concept"": ""C0054""}",True,False,0.95,needs_domain_expert_review,True
OV2_000217,P000217,test,core,CORE_A_concrete_rebar_formwork_04,concrete_rebar_formwork,REQUEST_INSPECTION,Kiểm tra bê tông trước khi tiếp tục.,Check the concrete before continuing.,core_standard,C0055,medium,"{""concept"": ""C0055""}",True,False,0.95,needs_domain_expert_review,False
OV2_000218,P000218,train,core,CORE_B_concrete_rebar_formwork_04,concrete_rebar_formwork,ASK_STATUS,Bê tông đã được kiểm tra chưa?,Has the concrete been checked?,core_standard,C0055,medium,"{""concept"": ""C0055""}",True,False,0.95,needs_domain_expert_review,True
OV2_000219,P000219,train,core,CORE_C_concrete_rebar_formwork_04,concrete_rebar_formwork,REPORT_PROBLEM,Có vấn đề với bê tông.,There is a problem with the concrete.,core_standard,C0055,medium,"{""concept"": ""C0055""}",True,False,0.95,needs_domain_expert_review,True
OV2_000220,P000220,train,core,CORE_D_concrete_rebar_formwork_04,concrete_rebar_formwork,REQUEST_INSPECTION,Kiểm tra lại bê tông sau khi xử lý.,Recheck the concrete after corrective action.,core_standard,C0055,medium,"{""concept"": ""C0055""}",True,False,0.95,needs_domain_expert_review,True
OV2_000221,P000221,train,core,CORE_A_concrete_rebar_formwork_05,concrete_rebar_formwork,REQUEST_INSPECTION,Kiểm tra bê tông tươi trước khi tiếp tục.,Check the fresh concrete before continuing.,core_standard,C0056,medium,"{""concept"": ""C0056""}",True,False,0.95,needs_domain_expert_review,True
OV2_000222,P000222,train,core,CORE_B_concrete_rebar_formwork_05,concrete_rebar_formwork,ASK_STATUS,Bê tông tươi đã được kiểm tra chưa?,Has the fresh concrete been checked?,core_standard,C0056,medium,"{""concept"": ""C0056""}",True,False,0.95,needs_domain_expert_review,True
OV2_000223,P000223,train,core,CORE_C_concrete_rebar_formwork_05,concrete_rebar_formwork,REPORT_PROBLEM,Có vấn đề với bê tông tươi.,There is a problem with the fresh concrete.,core_standard,C0056,medium,"{""concept"": ""C0056""}",True,False,0.95,needs_domain_expert_review,True
OV2_000224,P000224,train,core,CORE_D_concrete_rebar_formwork_05,concrete_rebar_formwork,REQUEST_INSPECTION,Kiểm tra lại bê tông tươi sau khi xử lý.,Recheck the fresh concrete after corrective action.,core_standard,C0056,medium,"{""concept"": ""C0056""}",True,False,0.95,needs_domain_expert_review,True
OV2_000225,P000225,train,core,CORE_A_concrete_rebar_formwork_06,concrete_rebar_formwork,REQUEST_INSPECTION,Kiểm tra cốt thép trước khi tiếp tục.,Check the reinforcing steel before continuing.,core_standard,C0057,high,"{""concept"": ""C0057""}",True,False,0.95,needs_domain_expert_review,True
OV2_000226,P000226,train,core,CORE_B_concrete_rebar_formwork_06,concrete_rebar_formwork,ASK_STATUS,Cốt thép đã được kiểm tra chưa?,Has the reinforcing steel been checked?,core_standard,C0057,high,"{""concept"": ""C0057""}",True,False,0.95,needs_domain_expert_review,True
OV2_000227,P000227,train,core,CORE_C_concrete_rebar_formwork_06,concrete_rebar_formwork,REPORT_PROBLEM,Có vấn đề với cốt thép.,There is a problem with the reinforcing steel.,core_standard,C0057,high,"{""concept"": ""C0057""}",True,False,0.95,needs_domain_expert_review,True
OV2_000228,P000228,dev,core,CORE_D_concrete_rebar_formwork_06,concrete_rebar_formwork,REQUEST_INSPECTION,Kiểm tra lại cốt thép sau khi xử lý.,Recheck the reinforcing steel after corrective action.,core_standard,C0057,high,"{""concept"": ""C0057""}",True,False,0.95,needs_domain_expert_review,False
OV2_000229,P000229,train,core,CORE_A_concrete_rebar_formwork_07,concrete_rebar_formwork,REQUEST_INSPECTION,Kiểm tra thanh cốt thép trước khi tiếp tục.,Check the rebar before continuing.,core_standard,C0058,high,"{""concept"": ""C0058""}",True,False,0.95,needs_domain_expert_review,True
OV2_000230,P000230,train,core,CORE_B_concrete_rebar_formwork_07,concrete_rebar_formwork,ASK_STATUS,Thanh cốt thép đã được kiểm tra chưa?,Has the rebar been checked?,core_standard,C0058,high,"{""concept"": ""C0058""}",True,False,0.95,needs_domain_expert_review,True
OV2_000231,P000231,train,core,CORE_C_concrete_rebar_formwork_07,concrete_rebar_formwork,REPORT_PROBLEM,Có vấn đề với thanh cốt thép.,There is a problem with the rebar.,core_standard,C0058,high,"{""concept"": ""C0058""}",True,False,0.95,needs_domain_expert_review,True
OV2_000232,P000232,test,core,CORE_D_concrete_rebar_formwork_07,concrete_rebar_formwork,REQUEST_INSPECTION,Kiểm tra lại thanh cốt thép sau khi xử lý.,Recheck the rebar after corrective action.,core_standard,C0058,high,"{""concept"": ""C0058""}",True,False,0.95,needs_domain_expert_review,False
OV2_000233,P000233,train,core,CORE_A_concrete_rebar_formwork_08,concrete_rebar_formwork,REQUEST_INSPECTION,Kiểm tra cốp pha trước khi tiếp tục.,Check the formwork before continuing.,core_standard,C0059,critical,"{""concept"": ""C0059""}",True,False,0.95,needs_domain_expert_review,True
OV2_000234,P000234,train,core,CORE_B_concrete_rebar_formwork_08,concrete_rebar_formwork,ASK_STATUS,Cốp pha đã được kiểm tra chưa?,Has the formwork been checked?,core_standard,C0059,critical,"{""concept"": ""C0059""}",True,False,0.95,needs_domain_expert_review,True
OV2_000235,P000235,train,core,CORE_C_concrete_rebar_formwork_08,concrete_rebar_formwork,REPORT_PROBLEM,Có vấn đề với cốp pha.,There is a problem with the formwork.,core_standard,C0059,critical,"{""concept"": ""C0059""}",True,False,0.95,needs_domain_expert_review,True
OV2_000236,P000236,train,core,CORE_D_concrete_rebar_formwork_08,concrete_rebar_formwork,REQUEST_INSPECTION,Kiểm tra lại cốp pha sau khi xử lý.,Recheck the formwork after corrective action.,core_standard,C0059,critical,"{""concept"": ""C0059""}",True,False,0.95,needs_domain_expert_review,True
OV2_000237,P000237,dev,core,CORE_A_concrete_rebar_formwork_09,concrete_rebar_formwork,REQUEST_INSPECTION,Kiểm tra cây chống trước khi tiếp tục.,Check the shore before continuing.,core_standard,C0060,critical,"{""concept"": ""C0060""}",True,False,0.95,needs_domain_expert_review,False
OV2_000238,P000238,train,core,CORE_B_concrete_rebar_formwork_09,concrete_rebar_formwork,ASK_STATUS,Cây chống đã được kiểm tra chưa?,Has the shore been checked?,core_standard,C0060,critical,"{""concept"": ""C0060""}",True,False,0.95,needs_domain_expert_review,True
OV2_000239,P000239,train,core,CORE_C_concrete_rebar_formwork_09,concrete_rebar_formwork,REPORT_PROBLEM,Có vấn đề với cây chống.,There is a problem with the shore.,core_standard,C0060,critical,"{""concept"": ""C0060""}",True,False,0.95,needs_domain_expert_review,True
OV2_000240,P000240,train,core,CORE_D_concrete_rebar_formwork_09,concrete_rebar_formwork,REQUEST_INSPECTION,Kiểm tra lại cây chống sau khi xử lý.,Recheck the shore after corrective action.,core_standard,C0060,critical,"{""concept"": ""C0060""}",True,False,0.95,needs_domain_expert_review,True
OV2_000241,P000241,train,core,CORE_A_concrete_rebar_formwork_10,concrete_rebar_formwork,REQUEST_INSPECTION,Kiểm tra chống lại trước khi tiếp tục.,Check the reshore before continuing.,core_standard,C0061,critical,"{""concept"": ""C0061""}",True,False,0.95,needs_domain_expert_review,True
OV2_000242,P000242,train,core,CORE_B_concrete_rebar_formwork_10,concrete_rebar_formwork,ASK_STATUS,Chống lại đã được kiểm tra chưa?,Has the reshore been checked?,core_standard,C0061,critical,"{""concept"": ""C0061""}",True,False,0.95,needs_domain_expert_review,True
OV2_000243,P000243,train,core,CORE_C_concrete_rebar_formwork_10,concrete_rebar_formwork,REPORT_PROBLEM,Có vấn đề với chống lại.,There is a problem with the reshore.,core_standard,C0061,critical,"{""concept"": ""C0061""}",True,False,0.95,needs_domain_expert_review,True
OV2_000244,P000244,dev,core,CORE_D_concrete_rebar_formwork_10,concrete_rebar_formwork,REQUEST_INSPECTION,Kiểm tra lại chống lại sau khi xử lý.,Recheck the reshore after corrective action.,core_standard,C0061,critical,"{""concept"": ""C0061""}",True,False,0.95,needs_domain_expert_review,False
OV2_000245,P000245,test,core,CORE_A_concrete_rebar_formwork_11,concrete_rebar_formwork,REQUEST_INSPECTION,Kiểm tra dầm trước khi tiếp tục.,Check the beam before continuing.,core_standard,C0062,medium,"{""concept"": ""C0062""}",True,False,0.95,needs_domain_expert_review,False
OV2_000246,P000246,test,core,CORE_B_concrete_rebar_formwork_11,concrete_rebar_formwork,ASK_STATUS,Dầm đã được kiểm tra chưa?,Has the beam been checked?,core_standard,C0062,medium,"{""concept"": ""C0062""}",True,False,0.95,needs_domain_expert_review,False
OV2_000247,P000247,dev,core,CORE_C_concrete_rebar_formwork_11,concrete_rebar_formwork,REPORT_PROBLEM,Có vấn đề với dầm.,There is a problem with the beam.,core_standard,C0062,medium,"{""concept"": ""C0062""}",True,False,0.95,needs_domain_expert_review,False
OV2_000248,P000248,test,core,CORE_D_concrete_rebar_formwork_11,concrete_rebar_formwork,REQUEST_INSPECTION,Kiểm tra lại dầm sau khi xử lý.,Recheck the beam after corrective action.,core_standard,C0062,medium,"{""concept"": ""C0062""}",True,False,0.95,needs_domain_expert_review,False
OV2_000249,P000249,train,core,CORE_A_concrete_rebar_formwork_12,concrete_rebar_formwork,REQUEST_INSPECTION,Kiểm tra cột trước khi tiếp tục.,Check the column before continuing.,core_standard,C0063,medium,"{""concept"": ""C0063""}",True,False,0.95,needs_domain_expert_review,True
OV2_000250,P000250,train,core,CORE_B_concrete_rebar_formwork_12,concrete_rebar_formwork,ASK_STATUS,Cột đã được kiểm tra chưa?,Has the column been checked?,core_standard,C0063,medium,"{""concept"": ""C0063""}",True,False,0.95,needs_domain_expert_review,True
OV2_000251,P000251,train,core,CORE_C_concrete_rebar_formwork_12,concrete_rebar_formwork,REPORT_PROBLEM,Có vấn đề với cột.,There is a problem with the column.,core_standard,C0063,medium,"{""concept"": ""C0063""}",True,False,0.95,needs_domain_expert_review,True
OV2_000252,P000252,dev,core,CORE_D_concrete_rebar_formwork_12,concrete_rebar_formwork,REQUEST_INSPECTION,Kiểm tra lại cột sau khi xử lý.,Recheck the column after corrective action.,core_standard,C0063,medium,"{""concept"": ""C0063""}",True,False,0.95,needs_domain_expert_review,False
OV2_000253,P000253,test,core,CORE_A_concrete_rebar_formwork_13,concrete_rebar_formwork,REQUEST_INSPECTION,Kiểm tra sàn bê tông trước khi tiếp tục.,Check the concrete slab before continuing.,core_standard,C0064,medium,"{""concept"": ""C0064""}",True,False,0.95,needs_domain_expert_review,False
OV2_000254,P000254,train,core,CORE_B_concrete_rebar_formwork_13,concrete_rebar_formwork,ASK_STATUS,Sàn bê tông đã được kiểm tra chưa?,Has the concrete slab been checked?,core_standard,C0064,medium,"{""concept"": ""C0064""}",True,False,0.95,needs_domain_expert_review,True
OV2_000255,P000255,train,core,CORE_C_concrete_rebar_formwork_13,concrete_rebar_formwork,REPORT_PROBLEM,Có vấn đề với sàn bê tông.,There is a problem with the concrete slab.,core_standard,C0064,medium,"{""concept"": ""C0064""}",True,False,0.95,needs_domain_expert_review,True
OV2_000256,P000256,train,core,CORE_D_concrete_rebar_formwork_13,concrete_rebar_formwork,REQUEST_INSPECTION,Kiểm tra lại sàn bê tông sau khi xử lý.,Recheck the concrete slab after corrective action.,core_standard,C0064,medium,"{""concept"": ""C0064""}",True,False,0.95,needs_domain_expert_review,True
OV2_000257,P000257,train,core,CORE_A_concrete_rebar_formwork_14,concrete_rebar_formwork,REQUEST_INSPECTION,Kiểm tra móng trước khi tiếp tục.,Check the foundation before continuing.,core_standard,C0065,medium,"{""concept"": ""C0065""}",True,False,0.95,needs_domain_expert_review,True
OV2_000258,P000258,train,core,CORE_B_concrete_rebar_formwork_14,concrete_rebar_formwork,ASK_STATUS,Móng đã được kiểm tra chưa?,Has the foundation been checked?,core_standard,C0065,medium,"{""concept"": ""C0065""}",True,False,0.95,needs_domain_expert_review,True
OV2_000259,P000259,train,core,CORE_C_concrete_rebar_formwork_14,concrete_rebar_formwork,REPORT_PROBLEM,Có vấn đề với móng.,There is a problem with the foundation.,core_standard,C0065,medium,"{""concept"": ""C0065""}",True,False,0.95,needs_domain_expert_review,True
OV2_000260,P000260,train,core,CORE_D_concrete_rebar_formwork_14,concrete_rebar_formwork,REQUEST_INSPECTION,Kiểm tra lại móng sau khi xử lý.,Recheck the foundation after corrective action.,core_standard,C0065,medium,"{""concept"": ""C0065""}",True,False,0.95,needs_domain_expert_review,True
OV2_000261,P000261,train,core,CORE_A_concrete_rebar_formwork_15,concrete_rebar_formwork,REQUEST_INSPECTION,Kiểm tra lớp bê tông bảo vệ trước khi tiếp tục.,Check the concrete cover before continuing.,core_standard,C0066,high,"{""concept"": ""C0066""}",True,False,0.95,needs_domain_expert_review,True
OV2_000262,P000262,train,core,CORE_B_concrete_rebar_formwork_15,concrete_rebar_formwork,ASK_STATUS,Lớp bê tông bảo vệ đã được kiểm tra chưa?,Has the concrete cover been checked?,core_standard,C0066,high,"{""concept"": ""C0066""}",True,False,0.95,needs_domain_expert_review,True
OV2_000263,P000263,train,core,CORE_C_concrete_rebar_formwork_15,concrete_rebar_formwork,REPORT_PROBLEM,Có vấn đề với lớp bê tông bảo vệ.,There is a problem with the concrete cover.,core_standard,C0066,high,"{""concept"": ""C0066""}",True,False,0.95,needs_domain_expert_review,True
OV2_000264,P000264,train,core,CORE_D_concrete_rebar_formwork_15,concrete_rebar_formwork,REQUEST_INSPECTION,Kiểm tra lại lớp bê tông bảo vệ sau khi xử lý.,Recheck the concrete cover after corrective action.,core_standard,C0066,high,"{""concept"": ""C0066""}",True,False,0.95,needs_domain_expert_review,True
OV2_000265,P000265,train,core,CORE_A_concrete_rebar_formwork_16,concrete_rebar_formwork,REQUEST_INSPECTION,Kiểm tra cao độ đổ bê tông trước khi tiếp tục.,Check the concrete pour elevation before continuing.,core_standard,C0067,high,"{""concept"": ""C0067""}",True,False,0.95,needs_domain_expert_review,True
OV2_000266,P000266,train,core,CORE_B_concrete_rebar_formwork_16,concrete_rebar_formwork,ASK_STATUS,Cao độ đổ bê tông đã được kiểm tra chưa?,Has the concrete pour elevation been checked?,core_standard,C0067,high,"{""concept"": ""C0067""}",True,False,0.95,needs_domain_expert_review,True
OV2_000267,P000267,train,core,CORE_C_concrete_rebar_formwork_16,concrete_rebar_formwork,REPORT_PROBLEM,Có vấn đề với cao độ đổ bê tông.,There is a problem with the concrete pour elevation.,core_standard,C0067,high,"{""concept"": ""C0067""}",True,False,0.95,needs_domain_expert_review,True
OV2_000268,P000268,dev,core,CORE_D_concrete_rebar_formwork_16,concrete_rebar_formwork,REQUEST_INSPECTION,Kiểm tra lại cao độ đổ bê tông sau khi xử lý.,Recheck the concrete pour elevation after corrective action.,core_standard,C0067,high,"{""concept"": ""C0067""}",True,False,0.95,needs_domain_expert_review,False
OV2_000269,P000269,dev,core,CORE_A_concrete_rebar_formwork_00,concrete_rebar_formwork,REQUEST_INSPECTION,Kiểm tra mạch ngừng trước khi tiếp tục.,Check the construction joint before continuing.,core_standard,C0068,high,"{""concept"": ""C0068""}",True,False,0.95,needs_domain_expert_review,False
OV2_000270,P000270,train,core,CORE_B_concrete_rebar_formwork_00,concrete_rebar_formwork,ASK_STATUS,Mạch ngừng đã được kiểm tra chưa?,Has the construction joint been checked?,core_standard,C0068,high,"{""concept"": ""C0068""}",True,False,0.95,needs_domain_expert_review,True
OV2_000271,P000271,test,core,CORE_C_concrete_rebar_formwork_00,concrete_rebar_formwork,REPORT_PROBLEM,Có vấn đề với mạch ngừng.,There is a problem with the construction joint.,core_standard,C0068,high,"{""concept"": ""C0068""}",True,False,0.95,needs_domain_expert_review,False
OV2_000272,P000272,dev,core,CORE_D_concrete_rebar_formwork_00,concrete_rebar_formwork,REQUEST_INSPECTION,Kiểm tra lại mạch ngừng sau khi xử lý.,Recheck the construction joint after corrective action.,core_standard,C0068,high,"{""concept"": ""C0068""}",True,False,0.95,needs_domain_expert_review,False
OV2_000273,P000273,train,core,CORE_A_concrete_rebar_formwork_01,concrete_rebar_formwork,REQUEST_INSPECTION,Kiểm tra máy đầm dùi trước khi tiếp tục.,Check the concrete vibrator before continuing.,core_standard,C0069,medium,"{""concept"": ""C0069""}",True,False,0.95,needs_domain_expert_review,True
OV2_000274,P000274,train,core,CORE_B_concrete_rebar_formwork_01,concrete_rebar_formwork,ASK_STATUS,Máy đầm dùi đã được kiểm tra chưa?,Has the concrete vibrator been checked?,core_standard,C0069,medium,"{""concept"": ""C0069""}",True,False,0.95,needs_domain_expert_review,True
OV2_000275,P000275,train,core,CORE_C_concrete_rebar_formwork_01,concrete_rebar_formwork,REPORT_PROBLEM,Có vấn đề với máy đầm dùi.,There is a problem with the concrete vibrator.,core_standard,C0069,medium,"{""concept"": ""C0069""}",True,False,0.95,needs_domain_expert_review,True
OV2_000276,P000276,train,core,CORE_D_concrete_rebar_formwork_01,concrete_rebar_formwork,REQUEST_INSPECTION,Kiểm tra lại máy đầm dùi sau khi xử lý.,Recheck the concrete vibrator after corrective action.,core_standard,C0069,medium,"{""concept"": ""C0069""}",True,False,0.95,needs_domain_expert_review,True
OV2_000277,P000277,train,core,CORE_A_concrete_rebar_formwork_02,concrete_rebar_formwork,REQUEST_INSPECTION,Kiểm tra máy bơm bê tông trước khi tiếp tục.,Check the concrete pump before continuing.,core_standard,C0070,high,"{""concept"": ""C0070""}",True,False,0.95,needs_domain_expert_review,True
OV2_000278,P000278,train,core,CORE_B_concrete_rebar_formwork_02,concrete_rebar_formwork,ASK_STATUS,Máy bơm bê tông đã được kiểm tra chưa?,Has the concrete pump been checked?,core_standard,C0070,high,"{""concept"": ""C0070""}",True,False,0.95,needs_domain_expert_review,True
OV2_000279,P000279,train,core,CORE_C_concrete_rebar_formwork_02,concrete_rebar_formwork,REPORT_PROBLEM,Có vấn đề với máy bơm bê tông.,There is a problem with the concrete pump.,core_standard,C0070,high,"{""concept"": ""C0070""}",True,False,0.95,needs_domain_expert_review,True
OV2_000280,P000280,train,core,CORE_D_concrete_rebar_formwork_02,concrete_rebar_formwork,REQUEST_INSPECTION,Kiểm tra lại máy bơm bê tông sau khi xử lý.,Recheck the concrete pump after corrective action.,core_standard,C0070,high,"{""concept"": ""C0070""}",True,False,0.95,needs_domain_expert_review,True
OV2_000281,P000281,test,core,CORE_A_concrete_rebar_formwork_03,concrete_rebar_formwork,REQUEST_INSPECTION,Kiểm tra ống bơm bê tông trước khi tiếp tục.,Check the concrete delivery hose before continuing.,core_standard,C0071,high,"{""concept"": ""C0071""}",True,False,0.95,needs_domain_expert_review,False
OV2_000282,P000282,train,core,CORE_B_concrete_rebar_formwork_03,concrete_rebar_formwork,ASK_STATUS,Ống bơm bê tông đã được kiểm tra chưa?,Has the concrete delivery hose been checked?,core_standard,C0071,high,"{""concept"": ""C0071""}",True,False,0.95,needs_domain_expert_review,True
OV2_000283,P000283,train,core,CORE_C_concrete_rebar_formwork_03,concrete_rebar_formwork,REPORT_PROBLEM,Có vấn đề với ống bơm bê tông.,There is a problem with the concrete delivery hose.,core_standard,C0071,high,"{""concept"": ""C0071""}",True,False,0.95,needs_domain_expert_review,True
OV2_000284,P000284,train,core,CORE_D_concrete_rebar_formwork_03,concrete_rebar_formwork,REQUEST_INSPECTION,Kiểm tra lại ống bơm bê tông sau khi xử lý.,Recheck the concrete delivery hose after corrective action.,core_standard,C0071,high,"{""concept"": ""C0071""}",True,False,0.95,needs_domain_expert_review,True
OV2_000285,P000285,test,core,CORE_A_concrete_rebar_formwork_04,concrete_rebar_formwork,REQUEST_INSPECTION,Kiểm tra con kê bê tông trước khi tiếp tục.,Check the rebar spacer before continuing.,core_standard,C0072,medium,"{""concept"": ""C0072""}",True,False,0.95,needs_domain_expert_review,False
OV2_000286,P000286,train,core,CORE_B_concrete_rebar_formwork_04,concrete_rebar_formwork,ASK_STATUS,Con kê bê tông đã được kiểm tra chưa?,Has the rebar spacer been checked?,core_standard,C0072,medium,"{""concept"": ""C0072""}",True,False,0.95,needs_domain_expert_review,True
OV2_000287,P000287,train,core,CORE_C_concrete_rebar_formwork_04,concrete_rebar_formwork,REPORT_PROBLEM,Có vấn đề với con kê bê tông.,There is a problem with the rebar spacer.,core_standard,C0072,medium,"{""concept"": ""C0072""}",True,False,0.95,needs_domain_expert_review,True
OV2_000288,P000288,train,core,CORE_D_concrete_rebar_formwork_04,concrete_rebar_formwork,REQUEST_INSPECTION,Kiểm tra lại con kê bê tông sau khi xử lý.,Recheck the rebar spacer after corrective action.,core_standard,C0072,medium,"{""concept"": ""C0072""}",True,False,0.95,needs_domain_expert_review,True
OV2_000289,P000289,test,core,CORE_A_lifting_rigging_05,lifting_rigging,REQUEST_INSPECTION,Kiểm tra cần cẩu trước khi tiếp tục.,Check the crane before continuing.,core_standard,C0073,critical,"{""concept"": ""C0073""}",True,False,0.95,needs_domain_expert_review,False
OV2_000290,P000290,train,core,CORE_B_lifting_rigging_05,lifting_rigging,ASK_STATUS,Cần cẩu đã được kiểm tra chưa?,Has the crane been checked?,core_standard,C0073,critical,"{""concept"": ""C0073""}",True,False,0.95,needs_domain_expert_review,True
OV2_000291,P000291,train,core,CORE_C_lifting_rigging_05,lifting_rigging,REPORT_PROBLEM,Có vấn đề với cần cẩu.,There is a problem with the crane.,core_standard,C0073,critical,"{""concept"": ""C0073""}",True,False,0.95,needs_domain_expert_review,True
OV2_000292,P000292,train,core,CORE_D_lifting_rigging_05,lifting_rigging,REQUEST_INSPECTION,Kiểm tra lại cần cẩu sau khi xử lý.,Recheck the crane after corrective action.,core_standard,C0073,critical,"{""concept"": ""C0073""}",True,False,0.95,needs_domain_expert_review,True
OV2_000293,P000293,train,core,CORE_A_lifting_rigging_06,lifting_rigging,REQUEST_INSPECTION,Kiểm tra cần chính trước khi tiếp tục.,Check the boom before continuing.,core_standard,C0074,critical,"{""concept"": ""C0074""}",True,False,0.95,needs_domain_expert_review,True
OV2_000294,P000294,train,core,CORE_B_lifting_rigging_06,lifting_rigging,ASK_STATUS,Cần chính đã được kiểm tra chưa?,Has the boom been checked?,core_standard,C0074,critical,"{""concept"": ""C0074""}",True,False,0.95,needs_domain_expert_review,True
OV2_000295,P000295,train,core,CORE_C_lifting_rigging_06,lifting_rigging,REPORT_PROBLEM,Có vấn đề với cần chính.,There is a problem with the boom.,core_standard,C0074,critical,"{""concept"": ""C0074""}",True,False,0.95,needs_domain_expert_review,True
OV2_000296,P000296,train,core,CORE_D_lifting_rigging_06,lifting_rigging,REQUEST_INSPECTION,Kiểm tra lại cần chính sau khi xử lý.,Recheck the boom after corrective action.,core_standard,C0074,critical,"{""concept"": ""C0074""}",True,False,0.95,needs_domain_expert_review,True
OV2_000297,P000297,train,core,CORE_A_lifting_rigging_07,lifting_rigging,REQUEST_INSPECTION,Kiểm tra móc cẩu trước khi tiếp tục.,Check the lifting hook before continuing.,core_standard,C0075,critical,"{""concept"": ""C0075""}",True,False,0.95,needs_domain_expert_review,True
OV2_000298,P000298,train,core,CORE_B_lifting_rigging_07,lifting_rigging,ASK_STATUS,Móc cẩu đã được kiểm tra chưa?,Has the lifting hook been checked?,core_standard,C0075,critical,"{""concept"": ""C0075""}",True,False,0.95,needs_domain_expert_review,True
OV2_000299,P000299,train,core,CORE_C_lifting_rigging_07,lifting_rigging,REPORT_PROBLEM,Có vấn đề với móc cẩu.,There is a problem with the lifting hook.,core_standard,C0075,critical,"{""concept"": ""C0075""}",True,False,0.95,needs_domain_expert_review,True
OV2_000300,P000300,train,core,CORE_D_lifting_rigging_07,lifting_rigging,REQUEST_INSPECTION,Kiểm tra lại móc cẩu sau khi xử lý.,Recheck the lifting hook after corrective action.,core_standard,C0075,critical,"{""concept"": ""C0075""}",True,False,0.95,needs_domain_expert_review,True
OV2_000301,P000301,train,core,CORE_A_lifting_rigging_08,lifting_rigging,REQUEST_INSPECTION,Kiểm tra dây cẩu trước khi tiếp tục.,Check the lifting sling before continuing.,core_standard,C0076,critical,"{""concept"": ""C0076""}",True,False,0.95,needs_domain_expert_review,True
OV2_000302,P000302,train,core,CORE_B_lifting_rigging_08,lifting_rigging,ASK_STATUS,Dây cẩu đã được kiểm tra chưa?,Has the lifting sling been checked?,core_standard,C0076,critical,"{""concept"": ""C0076""}",True,False,0.95,needs_domain_expert_review,True
OV2_000303,P000303,train,core,CORE_C_lifting_rigging_08,lifting_rigging,REPORT_PROBLEM,Có vấn đề với dây cẩu.,There is a problem with the lifting sling.,core_standard,C0076,critical,"{""concept"": ""C0076""}",True,False,0.95,needs_domain_expert_review,True
OV2_000304,P000304,train,core,CORE_D_lifting_rigging_08,lifting_rigging,REQUEST_INSPECTION,Kiểm tra lại dây cẩu sau khi xử lý.,Recheck the lifting sling after corrective action.,core_standard,C0076,critical,"{""concept"": ""C0076""}",True,False,0.95,needs_domain_expert_review,True
OV2_000305,P000305,test,core,CORE_A_lifting_rigging_09,lifting_rigging,REQUEST_INSPECTION,Kiểm tra cáp thép trước khi tiếp tục.,Check the wire rope before continuing.,core_standard,C0077,critical,"{""concept"": ""C0077""}",True,False,0.95,needs_domain_expert_review,False
OV2_000306,P000306,test,core,CORE_B_lifting_rigging_09,lifting_rigging,ASK_STATUS,Cáp thép đã được kiểm tra chưa?,Has the wire rope been checked?,core_standard,C0077,critical,"{""concept"": ""C0077""}",True,False,0.95,needs_domain_expert_review,False
OV2_000307,P000307,dev,core,CORE_C_lifting_rigging_09,lifting_rigging,REPORT_PROBLEM,Có vấn đề với cáp thép.,There is a problem with the wire rope.,core_standard,C0077,critical,"{""concept"": ""C0077""}",True,False,0.95,needs_domain_expert_review,False
OV2_000308,P000308,dev,core,CORE_D_lifting_rigging_09,lifting_rigging,REQUEST_INSPECTION,Kiểm tra lại cáp thép sau khi xử lý.,Recheck the wire rope after corrective action.,core_standard,C0077,critical,"{""concept"": ""C0077""}",True,False,0.95,needs_domain_expert_review,False
OV2_000309,P000309,train,core,CORE_A_lifting_rigging_10,lifting_rigging,REQUEST_INSPECTION,Kiểm tra ma ní trước khi tiếp tục.,Check the shackle before continuing.,core_standard,C0078,critical,"{""concept"": ""C0078""}",True,False,0.95,needs_domain_expert_review,True
OV2_000310,P000310,train,core,CORE_B_lifting_rigging_10,lifting_rigging,ASK_STATUS,Ma ní đã được kiểm tra chưa?,Has the shackle been checked?,core_standard,C0078,critical,"{""concept"": ""C0078""}",True,False,0.95,needs_domain_expert_review,True
OV2_000311,P000311,dev,core,CORE_C_lifting_rigging_10,lifting_rigging,REPORT_PROBLEM,Có vấn đề với ma ní.,There is a problem with the shackle.,core_standard,C0078,critical,"{""concept"": ""C0078""}",True,False,0.95,needs_domain_expert_review,False
OV2_000312,P000312,train,core,CORE_D_lifting_rigging_10,lifting_rigging,REQUEST_INSPECTION,Kiểm tra lại ma ní sau khi xử lý.,Recheck the shackle after corrective action.,core_standard,C0078,critical,"{""concept"": ""C0078""}",True,False,0.95,needs_domain_expert_review,True
OV2_000313,P000313,dev,core,CORE_A_lifting_rigging_11,lifting_rigging,REQUEST_INSPECTION,Kiểm tra pa lăng trước khi tiếp tục.,Check the hoist before continuing.,core_standard,C0079,high,"{""concept"": ""C0079""}",True,False,0.95,needs_domain_expert_review,False
OV2_000314,P000314,train,core,CORE_B_lifting_rigging_11,lifting_rigging,ASK_STATUS,Pa lăng đã được kiểm tra chưa?,Has the hoist been checked?,core_standard,C0079,high,"{""concept"": ""C0079""}",True,False,0.95,needs_domain_expert_review,True
OV2_000315,P000315,train,core,CORE_C_lifting_rigging_11,lifting_rigging,REPORT_PROBLEM,Có vấn đề với pa lăng.,There is a problem with the hoist.,core_standard,C0079,high,"{""concept"": ""C0079""}",True,False,0.95,needs_domain_expert_review,True
OV2_000316,P000316,train,core,CORE_D_lifting_rigging_11,lifting_rigging,REQUEST_INSPECTION,Kiểm tra lại pa lăng sau khi xử lý.,Recheck the hoist after corrective action.,core_standard,C0079,high,"{""concept"": ""C0079""}",True,False,0.95,needs_domain_expert_review,True
OV2_000317,P000317,train,core,CORE_A_lifting_rigging_12,lifting_rigging,REQUEST_INSPECTION,Kiểm tra chân chống cẩu trước khi tiếp tục.,Check the outrigger before continuing.,core_standard,C0080,critical,"{""concept"": ""C0080""}",True,False,0.95,needs_domain_expert_review,True
OV2_000318,P000318,train,core,CORE_B_lifting_rigging_12,lifting_rigging,ASK_STATUS,Chân chống cẩu đã được kiểm tra chưa?,Has the outrigger been checked?,core_standard,C0080,critical,"{""concept"": ""C0080""}",True,False,0.95,needs_domain_expert_review,True
OV2_000319,P000319,train,core,CORE_C_lifting_rigging_12,lifting_rigging,REPORT_PROBLEM,Có vấn đề với chân chống cẩu.,There is a problem with the outrigger.,core_standard,C0080,critical,"{""concept"": ""C0080""}",True,False,0.95,needs_domain_expert_review,True
OV2_000320,P000320,train,core,CORE_D_lifting_rigging_12,lifting_rigging,REQUEST_INSPECTION,Kiểm tra lại chân chống cẩu sau khi xử lý.,Recheck the outrigger after corrective action.,core_standard,C0080,critical,"{""concept"": ""C0080""}",True,False,0.95,needs_domain_expert_review,True
OV2_000321,P000321,train,core,CORE_A_lifting_rigging_13,lifting_rigging,REQUEST_INSPECTION,Kiểm tra tải treo trước khi tiếp tục.,Check the suspended load before continuing.,core_standard,C0081,critical,"{""concept"": ""C0081""}",True,False,0.95,needs_domain_expert_review,True
OV2_000322,P000322,train,core,CORE_B_lifting_rigging_13,lifting_rigging,ASK_STATUS,Tải treo đã được kiểm tra chưa?,Has the suspended load been checked?,core_standard,C0081,critical,"{""concept"": ""C0081""}",True,False,0.95,needs_domain_expert_review,True
OV2_000323,P000323,train,core,CORE_C_lifting_rigging_13,lifting_rigging,REPORT_PROBLEM,Có vấn đề với tải treo.,There is a problem with the suspended load.,core_standard,C0081,critical,"{""concept"": ""C0081""}",True,False,0.95,needs_domain_expert_review,True
OV2_000324,P000324,dev,core,CORE_D_lifting_rigging_13,lifting_rigging,REQUEST_INSPECTION,Kiểm tra lại tải treo sau khi xử lý.,Recheck the suspended load after corrective action.,core_standard,C0081,critical,"{""concept"": ""C0081""}",True,False,0.95,needs_domain_expert_review,False
OV2_000325,P000325,train,core,CORE_A_lifting_rigging_14,lifting_rigging,REQUEST_INSPECTION,Kiểm tra bán kính quay trước khi tiếp tục.,Check the swing radius before continuing.,core_standard,C0082,critical,"{""concept"": ""C0082""}",True,False,0.95,needs_domain_expert_review,True
OV2_000326,P000326,test,core,CORE_B_lifting_rigging_14,lifting_rigging,ASK_STATUS,Bán kính quay đã được kiểm tra chưa?,Has the swing radius been checked?,core_standard,C0082,critical,"{""concept"": ""C0082""}",True,False,0.95,needs_domain_expert_review,False
OV2_000327,P000327,test,core,CORE_C_lifting_rigging_14,lifting_rigging,REPORT_PROBLEM,Có vấn đề với bán kính quay.,There is a problem with the swing radius.,core_standard,C0082,critical,"{""concept"": ""C0082""}",True,False,0.95,needs_domain_expert_review,False
OV2_000328,P000328,train,core,CORE_D_lifting_rigging_14,lifting_rigging,REQUEST_INSPECTION,Kiểm tra lại bán kính quay sau khi xử lý.,Recheck the swing radius after corrective action.,core_standard,C0082,critical,"{""concept"": ""C0082""}",True,False,0.95,needs_domain_expert_review,True
OV2_000329,P000329,train,core,CORE_A_lifting_rigging_15,lifting_rigging,REQUEST_INSPECTION,Kiểm tra người báo hiệu trước khi tiếp tục.,Check the signal person before continuing.,core_standard,C0083,critical,"{""concept"": ""C0083""}",True,False,0.95,needs_domain_expert_review,True
OV2_000330,P000330,train,core,CORE_B_lifting_rigging_15,lifting_rigging,ASK_STATUS,Người báo hiệu đã được kiểm tra chưa?,Has the signal person been checked?,core_standard,C0083,critical,"{""concept"": ""C0083""}",True,False,0.95,needs_domain_expert_review,True
OV2_000331,P000331,train,core,CORE_C_lifting_rigging_15,lifting_rigging,REPORT_PROBLEM,Có vấn đề với người báo hiệu.,There is a problem with the signal person.,core_standard,C0083,critical,"{""concept"": ""C0083""}",True,False,0.95,needs_domain_expert_review,True
OV2_000332,P000332,train,core,CORE_D_lifting_rigging_15,lifting_rigging,REQUEST_INSPECTION,Kiểm tra lại người báo hiệu sau khi xử lý.,Recheck the signal person after corrective action.,core_standard,C0083,critical,"{""concept"": ""C0083""}",True,False,0.95,needs_domain_expert_review,True
OV2_000333,P000333,train,core,CORE_A_lifting_rigging_16,lifting_rigging,REQUEST_INSPECTION,Kiểm tra người móc cẩu trước khi tiếp tục.,Check the rigger before continuing.,core_standard,C0084,critical,"{""concept"": ""C0084""}",True,False,0.95,needs_domain_expert_review,True
OV2_000334,P000334,test,core,CORE_B_lifting_rigging_16,lifting_rigging,ASK_STATUS,Người móc cẩu đã được kiểm tra chưa?,Has the rigger been checked?,core_standard,C0084,critical,"{""concept"": ""C0084""}",True,False,0.95,needs_domain_expert_review,False
OV2_000335,P000335,train,core,CORE_C_lifting_rigging_16,lifting_rigging,REPORT_PROBLEM,Có vấn đề với người móc cẩu.,There is a problem with the rigger.,core_standard,C0084,critical,"{""concept"": ""C0084""}",True,False,0.95,needs_domain_expert_review,True
OV2_000336,P000336,train,core,CORE_D_lifting_rigging_16,lifting_rigging,REQUEST_INSPECTION,Kiểm tra lại người móc cẩu sau khi xử lý.,Recheck the rigger after corrective action.,core_standard,C0084,critical,"{""concept"": ""C0084""}",True,False,0.95,needs_domain_expert_review,True
OV2_000337,P000337,train,core,CORE_A_lifting_rigging_00,lifting_rigging,REQUEST_INSPECTION,Kiểm tra góc dây cẩu trước khi tiếp tục.,Check the sling angle before continuing.,core_standard,C0085,high,"{""concept"": ""C0085""}",True,False,0.95,needs_domain_expert_review,True
OV2_000338,P000338,train,core,CORE_B_lifting_rigging_00,lifting_rigging,ASK_STATUS,Góc dây cẩu đã được kiểm tra chưa?,Has the sling angle been checked?,core_standard,C0085,high,"{""concept"": ""C0085""}",True,False,0.95,needs_domain_expert_review,True
OV2_000339,P000339,dev,core,CORE_C_lifting_rigging_00,lifting_rigging,REPORT_PROBLEM,Có vấn đề với góc dây cẩu.,There is a problem with the sling angle.,core_standard,C0085,high,"{""concept"": ""C0085""}",True,False,0.95,needs_domain_expert_review,False
OV2_000340,P000340,train,core,CORE_D_lifting_rigging_00,lifting_rigging,REQUEST_INSPECTION,Kiểm tra lại góc dây cẩu sau khi xử lý.,Recheck the sling angle after corrective action.,core_standard,C0085,high,"{""concept"": ""C0085""}",True,False,0.95,needs_domain_expert_review,True
OV2_000341,P000341,train,core,CORE_A_lifting_rigging_01,lifting_rigging,REQUEST_INSPECTION,Kiểm tra tải trọng làm việc an toàn trước khi tiếp tục.,Check the safe working load before continuing.,core_standard,C0086,critical,"{""concept"": ""C0086""}",True,False,0.95,needs_domain_expert_review,True
OV2_000342,P000342,train,core,CORE_B_lifting_rigging_01,lifting_rigging,ASK_STATUS,Tải trọng làm việc an toàn đã được kiểm tra chưa?,Has the safe working load been checked?,core_standard,C0086,critical,"{""concept"": ""C0086""}",True,False,0.95,needs_domain_expert_review,True
OV2_000343,P000343,train,core,CORE_C_lifting_rigging_01,lifting_rigging,REPORT_PROBLEM,Có vấn đề với tải trọng làm việc an toàn.,There is a problem with the safe working load.,core_standard,C0086,critical,"{""concept"": ""C0086""}",True,False,0.95,needs_domain_expert_review,True
OV2_000344,P000344,test,core,CORE_D_lifting_rigging_01,lifting_rigging,REQUEST_INSPECTION,Kiểm tra lại tải trọng làm việc an toàn sau khi xử lý.,Recheck the safe working load after corrective action.,core_standard,C0086,critical,"{""concept"": ""C0086""}",True,False,0.95,needs_domain_expert_review,False
OV2_000345,P000345,test,core,CORE_A_lifting_rigging_02,lifting_rigging,REQUEST_INSPECTION,Kiểm tra tải trọng định mức trước khi tiếp tục.,Check the rated load before continuing.,core_standard,C0087,critical,"{""concept"": ""C0087""}",True,False,0.95,needs_domain_expert_review,False
OV2_000346,P000346,train,core,CORE_B_lifting_rigging_02,lifting_rigging,ASK_STATUS,Tải trọng định mức đã được kiểm tra chưa?,Has the rated load been checked?,core_standard,C0087,critical,"{""concept"": ""C0087""}",True,False,0.95,needs_domain_expert_review,True
OV2_000347,P000347,train,core,CORE_C_lifting_rigging_02,lifting_rigging,REPORT_PROBLEM,Có vấn đề với tải trọng định mức.,There is a problem with the rated load.,core_standard,C0087,critical,"{""concept"": ""C0087""}",True,False,0.95,needs_domain_expert_review,True
OV2_000348,P000348,train,core,CORE_D_lifting_rigging_02,lifting_rigging,REQUEST_INSPECTION,Kiểm tra lại tải trọng định mức sau khi xử lý.,Recheck the rated load after corrective action.,core_standard,C0087,critical,"{""concept"": ""C0087""}",True,False,0.95,needs_domain_expert_review,True
OV2_000349,P000349,train,core,CORE_A_lifting_rigging_03,lifting_rigging,REQUEST_INSPECTION,Kiểm tra điểm nâng trước khi tiếp tục.,Check the lifting point before continuing.,core_standard,C0088,critical,"{""concept"": ""C0088""}",True,False,0.95,needs_domain_expert_review,True
OV2_000350,P000350,train,core,CORE_B_lifting_rigging_03,lifting_rigging,ASK_STATUS,Điểm nâng đã được kiểm tra chưa?,Has the lifting point been checked?,core_standard,C0088,critical,"{""concept"": ""C0088""}",True,False,0.95,needs_domain_expert_review,True
OV2_000351,P000351,train,core,CORE_C_lifting_rigging_03,lifting_rigging,REPORT_PROBLEM,Có vấn đề với điểm nâng.,There is a problem with the lifting point.,core_standard,C0088,critical,"{""concept"": ""C0088""}",True,False,0.95,needs_domain_expert_review,True
OV2_000352,P000352,train,core,CORE_D_lifting_rigging_03,lifting_rigging,REQUEST_INSPECTION,Kiểm tra lại điểm nâng sau khi xử lý.,Recheck the lifting point after corrective action.,core_standard,C0088,critical,"{""concept"": ""C0088""}",True,False,0.95,needs_domain_expert_review,True
OV2_000353,P000353,train,core,CORE_A_lifting_rigging_04,lifting_rigging,REQUEST_INSPECTION,Kiểm tra thanh cân bằng trước khi tiếp tục.,Check the spreader beam before continuing.,core_standard,C0089,high,"{""concept"": ""C0089""}",True,False,0.95,needs_domain_expert_review,True
OV2_000354,P000354,test,core,CORE_B_lifting_rigging_04,lifting_rigging,ASK_STATUS,Thanh cân bằng đã được kiểm tra chưa?,Has the spreader beam been checked?,core_standard,C0089,high,"{""concept"": ""C0089""}",True,False,0.95,needs_domain_expert_review,False
OV2_000355,P000355,train,core,CORE_C_lifting_rigging_04,lifting_rigging,REPORT_PROBLEM,Có vấn đề với thanh cân bằng.,There is a problem with the spreader beam.,core_standard,C0089,high,"{""concept"": ""C0089""}",True,False,0.95,needs_domain_expert_review,True
OV2_000356,P000356,train,core,CORE_D_lifting_rigging_04,lifting_rigging,REQUEST_INSPECTION,Kiểm tra lại thanh cân bằng sau khi xử lý.,Recheck the spreader beam after corrective action.,core_standard,C0089,high,"{""concept"": ""C0089""}",True,False,0.95,needs_domain_expert_review,True
OV2_000357,P000357,test,core,CORE_A_lifting_rigging_05,lifting_rigging,REQUEST_INSPECTION,Kiểm tra dây điều hướng trước khi tiếp tục.,Check the tag line before continuing.,core_standard,C0090,high,"{""concept"": ""C0090""}",True,False,0.95,needs_domain_expert_review,False
OV2_000358,P000358,train,core,CORE_B_lifting_rigging_05,lifting_rigging,ASK_STATUS,Dây điều hướng đã được kiểm tra chưa?,Has the tag line been checked?,core_standard,C0090,high,"{""concept"": ""C0090""}",True,False,0.95,needs_domain_expert_review,True
OV2_000359,P000359,train,core,CORE_C_lifting_rigging_05,lifting_rigging,REPORT_PROBLEM,Có vấn đề với dây điều hướng.,There is a problem with the tag line.,core_standard,C0090,high,"{""concept"": ""C0090""}",True,False,0.95,needs_domain_expert_review,True
OV2_000360,P000360,train,core,CORE_D_lifting_rigging_05,lifting_rigging,REQUEST_INSPECTION,Kiểm tra lại dây điều hướng sau khi xử lý.,Recheck the tag line after corrective action.,core_standard,C0090,high,"{""concept"": ""C0090""}",True,False,0.95,needs_domain_expert_review,True
OV2_000361,P000361,train,core,CORE_A_heavy_equipment_06,heavy_equipment,REQUEST_INSPECTION,Kiểm tra máy xúc trước khi tiếp tục.,Check the excavator before continuing.,core_standard,C0091,high,"{""concept"": ""C0091""}",True,False,0.95,needs_domain_expert_review,True
OV2_000362,P000362,train,core,CORE_B_heavy_equipment_06,heavy_equipment,ASK_STATUS,Máy xúc đã được kiểm tra chưa?,Has the excavator been checked?,core_standard,C0091,high,"{""concept"": ""C0091""}",True,False,0.95,needs_domain_expert_review,True
OV2_000363,P000363,train,core,CORE_C_heavy_equipment_06,heavy_equipment,REPORT_PROBLEM,Có vấn đề với máy xúc.,There is a problem with the excavator.,core_standard,C0091,high,"{""concept"": ""C0091""}",True,False,0.95,needs_domain_expert_review,True
OV2_000364,P000364,train,core,CORE_D_heavy_equipment_06,heavy_equipment,REQUEST_INSPECTION,Kiểm tra lại máy xúc sau khi xử lý.,Recheck the excavator after corrective action.,core_standard,C0091,high,"{""concept"": ""C0091""}",True,False,0.95,needs_domain_expert_review,True
OV2_000365,P000365,dev,core,CORE_A_heavy_equipment_07,heavy_equipment,REQUEST_INSPECTION,Kiểm tra máy ủi trước khi tiếp tục.,Check the bulldozer before continuing.,core_standard,C0092,high,"{""concept"": ""C0092""}",True,False,0.95,needs_domain_expert_review,False
OV2_000366,P000366,train,core,CORE_B_heavy_equipment_07,heavy_equipment,ASK_STATUS,Máy ủi đã được kiểm tra chưa?,Has the bulldozer been checked?,core_standard,C0092,high,"{""concept"": ""C0092""}",True,False,0.95,needs_domain_expert_review,True
OV2_000367,P000367,train,core,CORE_C_heavy_equipment_07,heavy_equipment,REPORT_PROBLEM,Có vấn đề với máy ủi.,There is a problem with the bulldozer.,core_standard,C0092,high,"{""concept"": ""C0092""}",True,False,0.95,needs_domain_expert_review,True
OV2_000368,P000368,train,core,CORE_D_heavy_equipment_07,heavy_equipment,REQUEST_INSPECTION,Kiểm tra lại máy ủi sau khi xử lý.,Recheck the bulldozer after corrective action.,core_standard,C0092,high,"{""concept"": ""C0092""}",True,False,0.95,needs_domain_expert_review,True
OV2_000369,P000369,train,core,CORE_A_heavy_equipment_08,heavy_equipment,REQUEST_INSPECTION,Kiểm tra xe nâng trước khi tiếp tục.,Check the forklift before continuing.,core_standard,C0093,critical,"{""concept"": ""C0093""}",True,False,0.95,needs_domain_expert_review,True
OV2_000370,P000370,train,core,CORE_B_heavy_equipment_08,heavy_equipment,ASK_STATUS,Xe nâng đã được kiểm tra chưa?,Has the forklift been checked?,core_standard,C0093,critical,"{""concept"": ""C0093""}",True,False,0.95,needs_domain_expert_review,True
OV2_000371,P000371,dev,core,CORE_C_heavy_equipment_08,heavy_equipment,REPORT_PROBLEM,Có vấn đề với xe nâng.,There is a problem with the forklift.,core_standard,C0093,critical,"{""concept"": ""C0093""}",True,False,0.95,needs_domain_expert_review,False
OV2_000372,P000372,train,core,CORE_D_heavy_equipment_08,heavy_equipment,REQUEST_INSPECTION,Kiểm tra lại xe nâng sau khi xử lý.,Recheck the forklift after corrective action.,core_standard,C0093,critical,"{""concept"": ""C0093""}",True,False,0.95,needs_domain_expert_review,True
OV2_000373,P000373,train,core,CORE_A_heavy_equipment_09,heavy_equipment,REQUEST_INSPECTION,Kiểm tra xe ben trước khi tiếp tục.,Check the dump truck before continuing.,core_standard,C0094,high,"{""concept"": ""C0094""}",True,False,0.95,needs_domain_expert_review,True
OV2_000374,P000374,train,core,CORE_B_heavy_equipment_09,heavy_equipment,ASK_STATUS,Xe ben đã được kiểm tra chưa?,Has the dump truck been checked?,core_standard,C0094,high,"{""concept"": ""C0094""}",True,False,0.95,needs_domain_expert_review,True
OV2_000375,P000375,train,core,CORE_C_heavy_equipment_09,heavy_equipment,REPORT_PROBLEM,Có vấn đề với xe ben.,There is a problem with the dump truck.,core_standard,C0094,high,"{""concept"": ""C0094""}",True,False,0.95,needs_domain_expert_review,True
OV2_000376,P000376,train,core,CORE_D_heavy_equipment_09,heavy_equipment,REQUEST_INSPECTION,Kiểm tra lại xe ben sau khi xử lý.,Recheck the dump truck after corrective action.,core_standard,C0094,high,"{""concept"": ""C0094""}",True,False,0.95,needs_domain_expert_review,True
OV2_000377,P000377,test,core,CORE_A_heavy_equipment_10,heavy_equipment,REQUEST_INSPECTION,Kiểm tra xe lu trước khi tiếp tục.,Check the road roller before continuing.,core_standard,C0095,high,"{""concept"": ""C0095""}",True,False,0.95,needs_domain_expert_review,False
OV2_000378,P000378,train,core,CORE_B_heavy_equipment_10,heavy_equipment,ASK_STATUS,Xe lu đã được kiểm tra chưa?,Has the road roller been checked?,core_standard,C0095,high,"{""concept"": ""C0095""}",True,False,0.95,needs_domain_expert_review,True
OV2_000379,P000379,train,core,CORE_C_heavy_equipment_10,heavy_equipment,REPORT_PROBLEM,Có vấn đề với xe lu.,There is a problem with the road roller.,core_standard,C0095,high,"{""concept"": ""C0095""}",True,False,0.95,needs_domain_expert_review,True
OV2_000380,P000380,train,core,CORE_D_heavy_equipment_10,heavy_equipment,REQUEST_INSPECTION,Kiểm tra lại xe lu sau khi xử lý.,Recheck the road roller after corrective action.,core_standard,C0095,high,"{""concept"": ""C0095""}",True,False,0.95,needs_domain_expert_review,True
OV2_000381,P000381,train,core,CORE_A_heavy_equipment_11,heavy_equipment,REQUEST_INSPECTION,Kiểm tra máy san trước khi tiếp tục.,Check the motor grader before continuing.,core_standard,C0096,high,"{""concept"": ""C0096""}",True,False,0.95,needs_domain_expert_review,True
OV2_000382,P000382,test,core,CORE_B_heavy_equipment_11,heavy_equipment,ASK_STATUS,Máy san đã được kiểm tra chưa?,Has the motor grader been checked?,core_standard,C0096,high,"{""concept"": ""C0096""}",True,False,0.95,needs_domain_expert_review,False
OV2_000383,P000383,train,core,CORE_C_heavy_equipment_11,heavy_equipment,REPORT_PROBLEM,Có vấn đề với máy san.,There is a problem with the motor grader.,core_standard,C0096,high,"{""concept"": ""C0096""}",True,False,0.95,needs_domain_expert_review,True
OV2_000384,P000384,train,core,CORE_D_heavy_equipment_11,heavy_equipment,REQUEST_INSPECTION,Kiểm tra lại máy san sau khi xử lý.,Recheck the motor grader after corrective action.,core_standard,C0096,high,"{""concept"": ""C0096""}",True,False,0.95,needs_domain_expert_review,True
OV2_000385,P000385,train,core,CORE_A_heavy_equipment_12,heavy_equipment,REQUEST_INSPECTION,Kiểm tra máy đào bánh lốp trước khi tiếp tục.,Check the wheeled excavator before continuing.,core_standard,C0097,high,"{""concept"": ""C0097""}",True,False,0.95,needs_domain_expert_review,True
OV2_000386,P000386,dev,core,CORE_B_heavy_equipment_12,heavy_equipment,ASK_STATUS,Máy đào bánh lốp đã được kiểm tra chưa?,Has the wheeled excavator been checked?,core_standard,C0097,high,"{""concept"": ""C0097""}",True,False,0.95,needs_domain_expert_review,False
OV2_000387,P000387,dev,core,CORE_C_heavy_equipment_12,heavy_equipment,REPORT_PROBLEM,Có vấn đề với máy đào bánh lốp.,There is a problem with the wheeled excavator.,core_standard,C0097,high,"{""concept"": ""C0097""}",True,False,0.95,needs_domain_expert_review,False
OV2_000388,P000388,train,core,CORE_D_heavy_equipment_12,heavy_equipment,REQUEST_INSPECTION,Kiểm tra lại máy đào bánh lốp sau khi xử lý.,Recheck the wheeled excavator after corrective action.,core_standard,C0097,high,"{""concept"": ""C0097""}",True,False,0.95,needs_domain_expert_review,True
OV2_000389,P000389,train,core,CORE_A_heavy_equipment_13,heavy_equipment,REQUEST_INSPECTION,Kiểm tra máy đào bánh xích trước khi tiếp tục.,Check the crawler excavator before continuing.,core_standard,C0098,high,"{""concept"": ""C0098""}",True,False,0.95,needs_domain_expert_review,True
OV2_000390,P000390,train,core,CORE_B_heavy_equipment_13,heavy_equipment,ASK_STATUS,Máy đào bánh xích đã được kiểm tra chưa?,Has the crawler excavator been checked?,core_standard,C0098,high,"{""concept"": ""C0098""}",True,False,0.95,needs_domain_expert_review,True
OV2_000391,P000391,train,core,CORE_C_heavy_equipment_13,heavy_equipment,REPORT_PROBLEM,Có vấn đề với máy đào bánh xích.,There is a problem with the crawler excavator.,core_standard,C0098,high,"{""concept"": ""C0098""}",True,False,0.95,needs_domain_expert_review,True
OV2_000392,P000392,train,core,CORE_D_heavy_equipment_13,heavy_equipment,REQUEST_INSPECTION,Kiểm tra lại máy đào bánh xích sau khi xử lý.,Recheck the crawler excavator after corrective action.,core_standard,C0098,high,"{""concept"": ""C0098""}",True,False,0.95,needs_domain_expert_review,True
OV2_000393,P000393,train,core,CORE_A_heavy_equipment_14,heavy_equipment,REQUEST_INSPECTION,Kiểm tra gầu xúc trước khi tiếp tục.,Check the bucket before continuing.,core_standard,C0099,high,"{""concept"": ""C0099""}",True,False,0.95,needs_domain_expert_review,True
OV2_000394,P000394,train,core,CORE_B_heavy_equipment_14,heavy_equipment,ASK_STATUS,Gầu xúc đã được kiểm tra chưa?,Has the bucket been checked?,core_standard,C0099,high,"{""concept"": ""C0099""}",True,False,0.95,needs_domain_expert_review,True
OV2_000395,P000395,train,core,CORE_C_heavy_equipment_14,heavy_equipment,REPORT_PROBLEM,Có vấn đề với gầu xúc.,There is a problem with the bucket.,core_standard,C0099,high,"{""concept"": ""C0099""}",True,False,0.95,needs_domain_expert_review,True
OV2_000396,P000396,train,core,CORE_D_heavy_equipment_14,heavy_equipment,REQUEST_INSPECTION,Kiểm tra lại gầu xúc sau khi xử lý.,Recheck the bucket after corrective action.,core_standard,C0099,high,"{""concept"": ""C0099""}",True,False,0.95,needs_domain_expert_review,True
OV2_000397,P000397,train,core,CORE_A_heavy_equipment_15,heavy_equipment,REQUEST_INSPECTION,Kiểm tra lưỡi ủi trước khi tiếp tục.,Check the dozer blade before continuing.,core_standard,C0100,high,"{""concept"": ""C0100""}",True,False,0.95,needs_domain_expert_review,True
OV2_000398,P000398,train,core,CORE_B_heavy_equipment_15,heavy_equipment,ASK_STATUS,Lưỡi ủi đã được kiểm tra chưa?,Has the dozer blade been checked?,core_standard,C0100,high,"{""concept"": ""C0100""}",True,False,0.95,needs_domain_expert_review,True
OV2_000399,P000399,dev,core,CORE_C_heavy_equipment_15,heavy_equipment,REPORT_PROBLEM,Có vấn đề với lưỡi ủi.,There is a problem with the dozer blade.,core_standard,C0100,high,"{""concept"": ""C0100""}",True,False,0.95,needs_domain_expert_review,False
OV2_000400,P000400,test,core,CORE_D_heavy_equipment_15,heavy_equipment,REQUEST_INSPECTION,Kiểm tra lại lưỡi ủi sau khi xử lý.,Recheck the dozer blade after corrective action.,core_standard,C0100,high,"{""concept"": ""C0100""}",True,False,0.95,needs_domain_expert_review,False
OV2_000401,P000401,train,core,CORE_A_heavy_equipment_16,heavy_equipment,REQUEST_INSPECTION,Kiểm tra còi lùi trước khi tiếp tục.,Check the reverse alarm before continuing.,core_standard,C0101,critical,"{""concept"": ""C0101""}",True,False,0.95,needs_domain_expert_review,True
OV2_000402,P000402,dev,core,CORE_B_heavy_equipment_16,heavy_equipment,ASK_STATUS,Còi lùi đã được kiểm tra chưa?,Has the reverse alarm been checked?,core_standard,C0101,critical,"{""concept"": ""C0101""}",True,False,0.95,needs_domain_expert_review,False
OV2_000403,P000403,train,core,CORE_C_heavy_equipment_16,heavy_equipment,REPORT_PROBLEM,Có vấn đề với còi lùi.,There is a problem with the reverse alarm.,core_standard,C0101,critical,"{""concept"": ""C0101""}",True,False,0.95,needs_domain_expert_review,True
OV2_000404,P000404,train,core,CORE_D_heavy_equipment_16,heavy_equipment,REQUEST_INSPECTION,Kiểm tra lại còi lùi sau khi xử lý.,Recheck the reverse alarm after corrective action.,core_standard,C0101,critical,"{""concept"": ""C0101""}",True,False,0.95,needs_domain_expert_review,True
OV2_000405,P000405,train,core,CORE_A_heavy_equipment_00,heavy_equipment,REQUEST_INSPECTION,Kiểm tra điểm mù trước khi tiếp tục.,Check the blind spot before continuing.,core_standard,C0102,critical,"{""concept"": ""C0102""}",True,False,0.95,needs_domain_expert_review,True
OV2_000406,P000406,train,core,CORE_B_heavy_equipment_00,heavy_equipment,ASK_STATUS,Điểm mù đã được kiểm tra chưa?,Has the blind spot been checked?,core_standard,C0102,critical,"{""concept"": ""C0102""}",True,False,0.95,needs_domain_expert_review,True
OV2_000407,P000407,train,core,CORE_C_heavy_equipment_00,heavy_equipment,REPORT_PROBLEM,Có vấn đề với điểm mù.,There is a problem with the blind spot.,core_standard,C0102,critical,"{""concept"": ""C0102""}",True,False,0.95,needs_domain_expert_review,True
OV2_000408,P000408,train,core,CORE_D_heavy_equipment_00,heavy_equipment,REQUEST_INSPECTION,Kiểm tra lại điểm mù sau khi xử lý.,Recheck the blind spot after corrective action.,core_standard,C0102,critical,"{""concept"": ""C0102""}",True,False,0.95,needs_domain_expert_review,True
OV2_000409,P000409,train,core,CORE_A_heavy_equipment_01,heavy_equipment,REQUEST_INSPECTION,Kiểm tra khu vực quay máy trước khi tiếp tục.,Check the equipment swing area before continuing.,core_standard,C0103,critical,"{""concept"": ""C0103""}",True,False,0.95,needs_domain_expert_review,True
OV2_000410,P000410,train,core,CORE_B_heavy_equipment_01,heavy_equipment,ASK_STATUS,Khu vực quay máy đã được kiểm tra chưa?,Has the equipment swing area been checked?,core_standard,C0103,critical,"{""concept"": ""C0103""}",True,False,0.95,needs_domain_expert_review,True
OV2_000411,P000411,train,core,CORE_C_heavy_equipment_01,heavy_equipment,REPORT_PROBLEM,Có vấn đề với khu vực quay máy.,There is a problem with the equipment swing area.,core_standard,C0103,critical,"{""concept"": ""C0103""}",True,False,0.95,needs_domain_expert_review,True
OV2_000412,P000412,test,core,CORE_D_heavy_equipment_01,heavy_equipment,REQUEST_INSPECTION,Kiểm tra lại khu vực quay máy sau khi xử lý.,Recheck the equipment swing area after corrective action.,core_standard,C0103,critical,"{""concept"": ""C0103""}",True,False,0.95,needs_domain_expert_review,False
OV2_000413,P000413,train,core,CORE_A_heavy_equipment_02,heavy_equipment,REQUEST_INSPECTION,Kiểm tra phanh đỗ trước khi tiếp tục.,Check the parking brake before continuing.,core_standard,C0104,high,"{""concept"": ""C0104""}",True,False,0.95,needs_domain_expert_review,True
OV2_000414,P000414,train,core,CORE_B_heavy_equipment_02,heavy_equipment,ASK_STATUS,Phanh đỗ đã được kiểm tra chưa?,Has the parking brake been checked?,core_standard,C0104,high,"{""concept"": ""C0104""}",True,False,0.95,needs_domain_expert_review,True
OV2_000415,P000415,train,core,CORE_C_heavy_equipment_02,heavy_equipment,REPORT_PROBLEM,Có vấn đề với phanh đỗ.,There is a problem with the parking brake.,core_standard,C0104,high,"{""concept"": ""C0104""}",True,False,0.95,needs_domain_expert_review,True
OV2_000416,P000416,train,core,CORE_D_heavy_equipment_02,heavy_equipment,REQUEST_INSPECTION,Kiểm tra lại phanh đỗ sau khi xử lý.,Recheck the parking brake after corrective action.,core_standard,C0104,high,"{""concept"": ""C0104""}",True,False,0.95,needs_domain_expert_review,True
OV2_000417,P000417,train,core,CORE_A_heavy_equipment_03,heavy_equipment,REQUEST_INSPECTION,Kiểm tra chốt an toàn trước khi tiếp tục.,Check the safety pin before continuing.,core_standard,C0105,high,"{""concept"": ""C0105""}",True,False,0.95,needs_domain_expert_review,True
OV2_000418,P000418,train,core,CORE_B_heavy_equipment_03,heavy_equipment,ASK_STATUS,Chốt an toàn đã được kiểm tra chưa?,Has the safety pin been checked?,core_standard,C0105,high,"{""concept"": ""C0105""}",True,False,0.95,needs_domain_expert_review,True
OV2_000419,P000419,dev,core,CORE_C_heavy_equipment_03,heavy_equipment,REPORT_PROBLEM,Có vấn đề với chốt an toàn.,There is a problem with the safety pin.,core_standard,C0105,high,"{""concept"": ""C0105""}",True,False,0.95,needs_domain_expert_review,False
OV2_000420,P000420,train,core,CORE_D_heavy_equipment_03,heavy_equipment,REQUEST_INSPECTION,Kiểm tra lại chốt an toàn sau khi xử lý.,Recheck the safety pin after corrective action.,core_standard,C0105,high,"{""concept"": ""C0105""}",True,False,0.95,needs_domain_expert_review,True
OV2_000421,P000421,train,core,CORE_A_heavy_equipment_04,heavy_equipment,REQUEST_INSPECTION,Kiểm tra đường công vụ trước khi tiếp tục.,Check the haul road before continuing.,core_standard,C0106,high,"{""concept"": ""C0106""}",True,False,0.95,needs_domain_expert_review,True
OV2_000422,P000422,train,core,CORE_B_heavy_equipment_04,heavy_equipment,ASK_STATUS,Đường công vụ đã được kiểm tra chưa?,Has the haul road been checked?,core_standard,C0106,high,"{""concept"": ""C0106""}",True,False,0.95,needs_domain_expert_review,True
OV2_000423,P000423,train,core,CORE_C_heavy_equipment_04,heavy_equipment,REPORT_PROBLEM,Có vấn đề với đường công vụ.,There is a problem with the haul road.,core_standard,C0106,high,"{""concept"": ""C0106""}",True,False,0.95,needs_domain_expert_review,True
OV2_000424,P000424,test,core,CORE_D_heavy_equipment_04,heavy_equipment,REQUEST_INSPECTION,Kiểm tra lại đường công vụ sau khi xử lý.,Recheck the haul road after corrective action.,core_standard,C0106,high,"{""concept"": ""C0106""}",True,False,0.95,needs_domain_expert_review,False
OV2_000425,P000425,dev,core,CORE_A_heavy_equipment_05,heavy_equipment,REQUEST_INSPECTION,Kiểm tra người hướng dẫn xe trước khi tiếp tục.,Check the spotter before continuing.,core_standard,C0107,high,"{""concept"": ""C0107""}",True,False,0.95,needs_domain_expert_review,False
OV2_000426,P000426,train,core,CORE_B_heavy_equipment_05,heavy_equipment,ASK_STATUS,Người hướng dẫn xe đã được kiểm tra chưa?,Has the spotter been checked?,core_standard,C0107,high,"{""concept"": ""C0107""}",True,False,0.95,needs_domain_expert_review,True
OV2_000427,P000427,train,core,CORE_C_heavy_equipment_05,heavy_equipment,REPORT_PROBLEM,Có vấn đề với người hướng dẫn xe.,There is a problem with the spotter.,core_standard,C0107,high,"{""concept"": ""C0107""}",True,False,0.95,needs_domain_expert_review,True
OV2_000428,P000428,test,core,CORE_D_heavy_equipment_05,heavy_equipment,REQUEST_INSPECTION,Kiểm tra lại người hướng dẫn xe sau khi xử lý.,Recheck the spotter after corrective action.,core_standard,C0107,high,"{""concept"": ""C0107""}",True,False,0.95,needs_domain_expert_review,False
OV2_000429,P000429,train,core,CORE_A_heavy_equipment_06,heavy_equipment,REQUEST_INSPECTION,Kiểm tra điểm rửa bánh xe trước khi tiếp tục.,Check the wheel wash station before continuing.,core_standard,C0108,medium,"{""concept"": ""C0108""}",True,False,0.95,needs_domain_expert_review,True
OV2_000430,P000430,train,core,CORE_B_heavy_equipment_06,heavy_equipment,ASK_STATUS,Điểm rửa bánh xe đã được kiểm tra chưa?,Has the wheel wash station been checked?,core_standard,C0108,medium,"{""concept"": ""C0108""}",True,False,0.95,needs_domain_expert_review,True
OV2_000431,P000431,train,core,CORE_C_heavy_equipment_06,heavy_equipment,REPORT_PROBLEM,Có vấn đề với điểm rửa bánh xe.,There is a problem with the wheel wash station.,core_standard,C0108,medium,"{""concept"": ""C0108""}",True,False,0.95,needs_domain_expert_review,True
OV2_000432,P000432,train,core,CORE_D_heavy_equipment_06,heavy_equipment,REQUEST_INSPECTION,Kiểm tra lại điểm rửa bánh xe sau khi xử lý.,Recheck the wheel wash station after corrective action.,core_standard,C0108,medium,"{""concept"": ""C0108""}",True,False,0.95,needs_domain_expert_review,True
OV2_000433,P000433,train,core,CORE_A_electrical_07,electrical,REQUEST_INSPECTION,Kiểm tra cầu dao tự động trước khi tiếp tục.,Check the circuit breaker before continuing.,core_standard,C0109,critical,"{""concept"": ""C0109""}",True,False,0.95,needs_domain_expert_review,True
OV2_000434,P000434,train,core,CORE_B_electrical_07,electrical,ASK_STATUS,Cầu dao tự động đã được kiểm tra chưa?,Has the circuit breaker been checked?,core_standard,C0109,critical,"{""concept"": ""C0109""}",True,False,0.95,needs_domain_expert_review,True
OV2_000435,P000435,train,core,CORE_C_electrical_07,electrical,REPORT_PROBLEM,Có vấn đề với cầu dao tự động.,There is a problem with the circuit breaker.,core_standard,C0109,critical,"{""concept"": ""C0109""}",True,False,0.95,needs_domain_expert_review,True
OV2_000436,P000436,train,core,CORE_D_electrical_07,electrical,REQUEST_INSPECTION,Kiểm tra lại cầu dao tự động sau khi xử lý.,Recheck the circuit breaker after corrective action.,core_standard,C0109,critical,"{""concept"": ""C0109""}",True,False,0.95,needs_domain_expert_review,True
OV2_000437,P000437,train,core,CORE_A_electrical_08,electrical,REQUEST_INSPECTION,Kiểm tra tủ điện trước khi tiếp tục.,Check the electrical panel before continuing.,core_standard,C0110,critical,"{""concept"": ""C0110""}",True,False,0.95,needs_domain_expert_review,True
OV2_000438,P000438,train,core,CORE_B_electrical_08,electrical,ASK_STATUS,Tủ điện đã được kiểm tra chưa?,Has the electrical panel been checked?,core_standard,C0110,critical,"{""concept"": ""C0110""}",True,False,0.95,needs_domain_expert_review,True
OV2_000439,P000439,train,core,CORE_C_electrical_08,electrical,REPORT_PROBLEM,Có vấn đề với tủ điện.,There is a problem with the electrical panel.,core_standard,C0110,critical,"{""concept"": ""C0110""}",True,False,0.95,needs_domain_expert_review,True
OV2_000440,P000440,dev,core,CORE_D_electrical_08,electrical,REQUEST_INSPECTION,Kiểm tra lại tủ điện sau khi xử lý.,Recheck the electrical panel after corrective action.,core_standard,C0110,critical,"{""concept"": ""C0110""}",True,False,0.95,needs_domain_expert_review,False
OV2_000441,P000441,train,core,CORE_A_electrical_09,electrical,REQUEST_INSPECTION,Kiểm tra dây dẫn điện trước khi tiếp tục.,Check the electrical conductor before continuing.,core_standard,C0111,critical,"{""concept"": ""C0111""}",True,False,0.95,needs_domain_expert_review,True
OV2_000442,P000442,dev,core,CORE_B_electrical_09,electrical,ASK_STATUS,Dây dẫn điện đã được kiểm tra chưa?,Has the electrical conductor been checked?,core_standard,C0111,critical,"{""concept"": ""C0111""}",True,False,0.95,needs_domain_expert_review,False
OV2_000443,P000443,train,core,CORE_C_electrical_09,electrical,REPORT_PROBLEM,Có vấn đề với dây dẫn điện.,There is a problem with the electrical conductor.,core_standard,C0111,critical,"{""concept"": ""C0111""}",True,False,0.95,needs_domain_expert_review,True
OV2_000444,P000444,train,core,CORE_D_electrical_09,electrical,REQUEST_INSPECTION,Kiểm tra lại dây dẫn điện sau khi xử lý.,Recheck the electrical conductor after corrective action.,core_standard,C0111,critical,"{""concept"": ""C0111""}",True,False,0.95,needs_domain_expert_review,True
OV2_000445,P000445,dev,core,CORE_A_electrical_10,electrical,REQUEST_INSPECTION,Kiểm tra dây pha trước khi tiếp tục.,Check the live conductor before continuing.,core_standard,C0112,critical,"{""concept"": ""C0112""}",True,False,0.95,needs_domain_expert_review,False
OV2_000446,P000446,dev,core,CORE_B_electrical_10,electrical,ASK_STATUS,Dây pha đã được kiểm tra chưa?,Has the live conductor been checked?,core_standard,C0112,critical,"{""concept"": ""C0112""}",True,False,0.95,needs_domain_expert_review,False
OV2_000447,P000447,train,core,CORE_C_electrical_10,electrical,REPORT_PROBLEM,Có vấn đề với dây pha.,There is a problem with the live conductor.,core_standard,C0112,critical,"{""concept"": ""C0112""}",True,False,0.95,needs_domain_expert_review,True
OV2_000448,P000448,dev,core,CORE_D_electrical_10,electrical,REQUEST_INSPECTION,Kiểm tra lại dây pha sau khi xử lý.,Recheck the live conductor after corrective action.,core_standard,C0112,critical,"{""concept"": ""C0112""}",True,False,0.95,needs_domain_expert_review,False
OV2_000449,P000449,train,core,CORE_A_electrical_11,electrical,REQUEST_INSPECTION,Kiểm tra dây trung tính trước khi tiếp tục.,Check the neutral conductor before continuing.,core_standard,C0113,high,"{""concept"": ""C0113""}",True,False,0.95,needs_domain_expert_review,True
OV2_000450,P000450,train,core,CORE_B_electrical_11,electrical,ASK_STATUS,Dây trung tính đã được kiểm tra chưa?,Has the neutral conductor been checked?,core_standard,C0113,high,"{""concept"": ""C0113""}",True,False,0.95,needs_domain_expert_review,True
OV2_000451,P000451,dev,core,CORE_C_electrical_11,electrical,REPORT_PROBLEM,Có vấn đề với dây trung tính.,There is a problem with the neutral conductor.,core_standard,C0113,high,"{""concept"": ""C0113""}",True,False,0.95,needs_domain_expert_review,False
OV2_000452,P000452,train,core,CORE_D_electrical_11,electrical,REQUEST_INSPECTION,Kiểm tra lại dây trung tính sau khi xử lý.,Recheck the neutral conductor after corrective action.,core_standard,C0113,high,"{""concept"": ""C0113""}",True,False,0.95,needs_domain_expert_review,True
OV2_000453,P000453,train,core,CORE_A_electrical_12,electrical,REQUEST_INSPECTION,Kiểm tra dây tiếp địa trước khi tiếp tục.,Check the grounding conductor before continuing.,core_standard,C0114,critical,"{""concept"": ""C0114""}",True,False,0.95,needs_domain_expert_review,True
OV2_000454,P000454,train,core,CORE_B_electrical_12,electrical,ASK_STATUS,Dây tiếp địa đã được kiểm tra chưa?,Has the grounding conductor been checked?,core_standard,C0114,critical,"{""concept"": ""C0114""}",True,False,0.95,needs_domain_expert_review,True
OV2_000455,P000455,train,core,CORE_C_electrical_12,electrical,REPORT_PROBLEM,Có vấn đề với dây tiếp địa.,There is a problem with the grounding conductor.,core_standard,C0114,critical,"{""concept"": ""C0114""}",True,False,0.95,needs_domain_expert_review,True
OV2_000456,P000456,train,core,CORE_D_electrical_12,electrical,REQUEST_INSPECTION,Kiểm tra lại dây tiếp địa sau khi xử lý.,Recheck the grounding conductor after corrective action.,core_standard,C0114,critical,"{""concept"": ""C0114""}",True,False,0.95,needs_domain_expert_review,True
OV2_000457,P000457,train,core,CORE_A_electrical_13,electrical,REQUEST_INSPECTION,Kiểm tra nối đất trước khi tiếp tục.,Check the grounding before continuing.,core_standard,C0115,critical,"{""concept"": ""C0115""}",True,False,0.95,needs_domain_expert_review,True
OV2_000458,P000458,train,core,CORE_B_electrical_13,electrical,ASK_STATUS,Nối đất đã được kiểm tra chưa?,Has the grounding been checked?,core_standard,C0115,critical,"{""concept"": ""C0115""}",True,False,0.95,needs_domain_expert_review,True
OV2_000459,P000459,train,core,CORE_C_electrical_13,electrical,REPORT_PROBLEM,Có vấn đề với nối đất.,There is a problem with the grounding.,core_standard,C0115,critical,"{""concept"": ""C0115""}",True,False,0.95,needs_domain_expert_review,True
OV2_000460,P000460,train,core,CORE_D_electrical_13,electrical,REQUEST_INSPECTION,Kiểm tra lại nối đất sau khi xử lý.,Recheck the grounding after corrective action.,core_standard,C0115,critical,"{""concept"": ""C0115""}",True,False,0.95,needs_domain_expert_review,True
OV2_000461,P000461,dev,core,CORE_A_electrical_14,electrical,REQUEST_INSPECTION,Kiểm tra ngắn mạch trước khi tiếp tục.,Check the short circuit before continuing.,core_standard,C0116,critical,"{""concept"": ""C0116""}",True,False,0.95,needs_domain_expert_review,False
OV2_000462,P000462,test,core,CORE_B_electrical_14,electrical,ASK_STATUS,Ngắn mạch đã được kiểm tra chưa?,Has the short circuit been checked?,core_standard,C0116,critical,"{""concept"": ""C0116""}",True,False,0.95,needs_domain_expert_review,False
OV2_000463,P000463,test,core,CORE_C_electrical_14,electrical,REPORT_PROBLEM,Có vấn đề với ngắn mạch.,There is a problem with the short circuit.,core_standard,C0116,critical,"{""concept"": ""C0116""}",True,False,0.95,needs_domain_expert_review,False
OV2_000464,P000464,train,core,CORE_D_electrical_14,electrical,REQUEST_INSPECTION,Kiểm tra lại ngắn mạch sau khi xử lý.,Recheck the short circuit after corrective action.,core_standard,C0116,critical,"{""concept"": ""C0116""}",True,False,0.95,needs_domain_expert_review,True
OV2_000465,P000465,test,core,CORE_A_electrical_15,electrical,REQUEST_INSPECTION,Kiểm tra chạm đất trước khi tiếp tục.,Check the ground fault before continuing.,core_standard,C0117,critical,"{""concept"": ""C0117""}",True,False,0.95,needs_domain_expert_review,False
OV2_000466,P000466,train,core,CORE_B_electrical_15,electrical,ASK_STATUS,Chạm đất đã được kiểm tra chưa?,Has the ground fault been checked?,core_standard,C0117,critical,"{""concept"": ""C0117""}",True,False,0.95,needs_domain_expert_review,True
OV2_000467,P000467,dev,core,CORE_C_electrical_15,electrical,REPORT_PROBLEM,Có vấn đề với chạm đất.,There is a problem with the ground fault.,core_standard,C0117,critical,"{""concept"": ""C0117""}",True,False,0.95,needs_domain_expert_review,False
OV2_000468,P000468,train,core,CORE_D_electrical_15,electrical,REQUEST_INSPECTION,Kiểm tra lại chạm đất sau khi xử lý.,Recheck the ground fault after corrective action.,core_standard,C0117,critical,"{""concept"": ""C0117""}",True,False,0.95,needs_domain_expert_review,True
OV2_000469,P000469,train,core,CORE_A_electrical_16,electrical,REQUEST_INSPECTION,Kiểm tra quá tải trước khi tiếp tục.,Check the overload before continuing.,core_standard,C0118,critical,"{""concept"": ""C0118""}",True,False,0.95,needs_domain_expert_review,True
OV2_000470,P000470,train,core,CORE_B_electrical_16,electrical,ASK_STATUS,Quá tải đã được kiểm tra chưa?,Has the overload been checked?,core_standard,C0118,critical,"{""concept"": ""C0118""}",True,False,0.95,needs_domain_expert_review,True
OV2_000471,P000471,train,core,CORE_C_electrical_16,electrical,REPORT_PROBLEM,Có vấn đề với quá tải.,There is a problem with the overload.,core_standard,C0118,critical,"{""concept"": ""C0118""}",True,False,0.95,needs_domain_expert_review,True
OV2_000472,P000472,train,core,CORE_D_electrical_16,electrical,REQUEST_INSPECTION,Kiểm tra lại quá tải sau khi xử lý.,Recheck the overload after corrective action.,core_standard,C0118,critical,"{""concept"": ""C0118""}",True,False,0.95,needs_domain_expert_review,True
OV2_000473,P000473,train,core,CORE_A_electrical_00,electrical,REQUEST_INSPECTION,Kiểm tra điện áp trước khi tiếp tục.,Check the voltage before continuing.,core_standard,C0119,critical,"{""concept"": ""C0119""}",True,False,0.95,needs_domain_expert_review,True
OV2_000474,P000474,train,core,CORE_B_electrical_00,electrical,ASK_STATUS,Điện áp đã được kiểm tra chưa?,Has the voltage been checked?,core_standard,C0119,critical,"{""concept"": ""C0119""}",True,False,0.95,needs_domain_expert_review,True
OV2_000475,P000475,train,core,CORE_C_electrical_00,electrical,REPORT_PROBLEM,Có vấn đề với điện áp.,There is a problem with the voltage.,core_standard,C0119,critical,"{""concept"": ""C0119""}",True,False,0.95,needs_domain_expert_review,True
OV2_000476,P000476,train,core,CORE_D_electrical_00,electrical,REQUEST_INSPECTION,Kiểm tra lại điện áp sau khi xử lý.,Recheck the voltage after corrective action.,core_standard,C0119,critical,"{""concept"": ""C0119""}",True,False,0.95,needs_domain_expert_review,True
OV2_000477,P000477,train,core,CORE_A_electrical_01,electrical,REQUEST_INSPECTION,Kiểm tra dòng điện trước khi tiếp tục.,Check the current before continuing.,core_standard,C0120,high,"{""concept"": ""C0120""}",True,False,0.95,needs_domain_expert_review,True
OV2_000478,P000478,train,core,CORE_B_electrical_01,electrical,ASK_STATUS,Dòng điện đã được kiểm tra chưa?,Has the current been checked?,core_standard,C0120,high,"{""concept"": ""C0120""}",True,False,0.95,needs_domain_expert_review,True
OV2_000479,P000479,train,core,CORE_C_electrical_01,electrical,REPORT_PROBLEM,Có vấn đề với dòng điện.,There is a problem with the current.,core_standard,C0120,high,"{""concept"": ""C0120""}",True,False,0.95,needs_domain_expert_review,True
OV2_000480,P000480,test,core,CORE_D_electrical_01,electrical,REQUEST_INSPECTION,Kiểm tra lại dòng điện sau khi xử lý.,Recheck the current after corrective action.,core_standard,C0120,high,"{""concept"": ""C0120""}",True,False,0.95,needs_domain_expert_review,False
OV2_000481,P000481,train,core,CORE_A_electrical_02,electrical,REQUEST_INSPECTION,Kiểm tra máy biến áp trước khi tiếp tục.,Check the transformer before continuing.,core_standard,C0121,critical,"{""concept"": ""C0121""}",True,False,0.95,needs_domain_expert_review,True
OV2_000482,P000482,train,core,CORE_B_electrical_02,electrical,ASK_STATUS,Máy biến áp đã được kiểm tra chưa?,Has the transformer been checked?,core_standard,C0121,critical,"{""concept"": ""C0121""}",True,False,0.95,needs_domain_expert_review,True
OV2_000483,P000483,train,core,CORE_C_electrical_02,electrical,REPORT_PROBLEM,Có vấn đề với máy biến áp.,There is a problem with the transformer.,core_standard,C0121,critical,"{""concept"": ""C0121""}",True,False,0.95,needs_domain_expert_review,True
OV2_000484,P000484,test,core,CORE_D_electrical_02,electrical,REQUEST_INSPECTION,Kiểm tra lại máy biến áp sau khi xử lý.,Recheck the transformer after corrective action.,core_standard,C0121,critical,"{""concept"": ""C0121""}",True,False,0.95,needs_domain_expert_review,False
OV2_000485,P000485,dev,core,CORE_A_electrical_03,electrical,REQUEST_INSPECTION,Kiểm tra máy phát điện trước khi tiếp tục.,Check the generator before continuing.,core_standard,C0122,high,"{""concept"": ""C0122""}",True,False,0.95,needs_domain_expert_review,False
OV2_000486,P000486,train,core,CORE_B_electrical_03,electrical,ASK_STATUS,Máy phát điện đã được kiểm tra chưa?,Has the generator been checked?,core_standard,C0122,high,"{""concept"": ""C0122""}",True,False,0.95,needs_domain_expert_review,True
OV2_000487,P000487,train,core,CORE_C_electrical_03,electrical,REPORT_PROBLEM,Có vấn đề với máy phát điện.,There is a problem with the generator.,core_standard,C0122,high,"{""concept"": ""C0122""}",True,False,0.95,needs_domain_expert_review,True
OV2_000488,P000488,train,core,CORE_D_electrical_03,electrical,REQUEST_INSPECTION,Kiểm tra lại máy phát điện sau khi xử lý.,Recheck the generator after corrective action.,core_standard,C0122,high,"{""concept"": ""C0122""}",True,False,0.95,needs_domain_expert_review,True
OV2_000489,P000489,train,core,CORE_A_electrical_04,electrical,REQUEST_INSPECTION,Kiểm tra cáp điện trước khi tiếp tục.,Check the power cable before continuing.,core_standard,C0123,critical,"{""concept"": ""C0123""}",True,False,0.95,needs_domain_expert_review,True
OV2_000490,P000490,test,core,CORE_B_electrical_04,electrical,ASK_STATUS,Cáp điện đã được kiểm tra chưa?,Has the power cable been checked?,core_standard,C0123,critical,"{""concept"": ""C0123""}",True,False,0.95,needs_domain_expert_review,False
OV2_000491,P000491,dev,core,CORE_C_electrical_04,electrical,REPORT_PROBLEM,Có vấn đề với cáp điện.,There is a problem with the power cable.,core_standard,C0123,critical,"{""concept"": ""C0123""}",True,False,0.95,needs_domain_expert_review,False
OV2_000492,P000492,train,core,CORE_D_electrical_04,electrical,REQUEST_INSPECTION,Kiểm tra lại cáp điện sau khi xử lý.,Recheck the power cable after corrective action.,core_standard,C0123,critical,"{""concept"": ""C0123""}",True,False,0.95,needs_domain_expert_review,True
OV2_000493,P000493,train,core,CORE_A_electrical_05,electrical,REQUEST_INSPECTION,Kiểm tra đầu cốt cáp trước khi tiếp tục.,Check the cable lug before continuing.,core_standard,C0124,high,"{""concept"": ""C0124""}",True,False,0.95,needs_domain_expert_review,True
OV2_000494,P000494,train,core,CORE_B_electrical_05,electrical,ASK_STATUS,Đầu cốt cáp đã được kiểm tra chưa?,Has the cable lug been checked?,core_standard,C0124,high,"{""concept"": ""C0124""}",True,False,0.95,needs_domain_expert_review,True
OV2_000495,P000495,train,core,CORE_C_electrical_05,electrical,REPORT_PROBLEM,Có vấn đề với đầu cốt cáp.,There is a problem with the cable lug.,core_standard,C0124,high,"{""concept"": ""C0124""}",True,False,0.95,needs_domain_expert_review,True
OV2_000496,P000496,train,core,CORE_D_electrical_05,electrical,REQUEST_INSPECTION,Kiểm tra lại đầu cốt cáp sau khi xử lý.,Recheck the cable lug after corrective action.,core_standard,C0124,high,"{""concept"": ""C0124""}",True,False,0.95,needs_domain_expert_review,True
OV2_000497,P000497,train,core,CORE_A_electrical_06,electrical,REQUEST_INSPECTION,Kiểm tra rơ le trước khi tiếp tục.,Check the relay before continuing.,core_standard,C0125,medium,"{""concept"": ""C0125""}",True,False,0.95,needs_domain_expert_review,True
OV2_000498,P000498,train,core,CORE_B_electrical_06,electrical,ASK_STATUS,Rơ le đã được kiểm tra chưa?,Has the relay been checked?,core_standard,C0125,medium,"{""concept"": ""C0125""}",True,False,0.95,needs_domain_expert_review,True
OV2_000499,P000499,train,core,CORE_C_electrical_06,electrical,REPORT_PROBLEM,Có vấn đề với rơ le.,There is a problem with the relay.,core_standard,C0125,medium,"{""concept"": ""C0125""}",True,False,0.95,needs_domain_expert_review,True
OV2_000500,P000500,train,core,CORE_D_electrical_06,electrical,REQUEST_INSPECTION,Kiểm tra lại rơ le sau khi xử lý.,Recheck the relay after corrective action.,core_standard,C0125,medium,"{""concept"": ""C0125""}",True,False,0.95,needs_domain_expert_review,True
OV2_000501,P000501,train,core,CORE_A_electrical_07,electrical,REQUEST_INSPECTION,Kiểm tra khóa liên động trước khi tiếp tục.,Check the interlock before continuing.,core_standard,C0126,high,"{""concept"": ""C0126""}",True,False,0.95,needs_domain_expert_review,True
OV2_000502,P000502,train,core,CORE_B_electrical_07,electrical,ASK_STATUS,Khóa liên động đã được kiểm tra chưa?,Has the interlock been checked?,core_standard,C0126,high,"{""concept"": ""C0126""}",True,False,0.95,needs_domain_expert_review,True
OV2_000503,P000503,train,core,CORE_C_electrical_07,electrical,REPORT_PROBLEM,Có vấn đề với khóa liên động.,There is a problem with the interlock.,core_standard,C0126,high,"{""concept"": ""C0126""}",True,False,0.95,needs_domain_expert_review,True
OV2_000504,P000504,train,core,CORE_D_electrical_07,electrical,REQUEST_INSPECTION,Kiểm tra lại khóa liên động sau khi xử lý.,Recheck the interlock after corrective action.,core_standard,C0126,high,"{""concept"": ""C0126""}",True,False,0.95,needs_domain_expert_review,True
OV2_000505,P000505,train,core,CORE_A_mechanical_08,mechanical,REQUEST_INSPECTION,Kiểm tra vòng bi trước khi tiếp tục.,Check the bearing before continuing.,core_standard,C0127,medium,"{""concept"": ""C0127""}",True,False,0.95,needs_domain_expert_review,True
OV2_000506,P000506,train,core,CORE_B_mechanical_08,mechanical,ASK_STATUS,Vòng bi đã được kiểm tra chưa?,Has the bearing been checked?,core_standard,C0127,medium,"{""concept"": ""C0127""}",True,False,0.95,needs_domain_expert_review,True
OV2_000507,P000507,dev,core,CORE_C_mechanical_08,mechanical,REPORT_PROBLEM,Có vấn đề với vòng bi.,There is a problem with the bearing.,core_standard,C0127,medium,"{""concept"": ""C0127""}",True,False,0.95,needs_domain_expert_review,False
OV2_000508,P000508,dev,core,CORE_D_mechanical_08,mechanical,REQUEST_INSPECTION,Kiểm tra lại vòng bi sau khi xử lý.,Recheck the bearing after corrective action.,core_standard,C0127,medium,"{""concept"": ""C0127""}",True,False,0.95,needs_domain_expert_review,False
OV2_000509,P000509,train,core,CORE_A_mechanical_09,mechanical,REQUEST_INSPECTION,Kiểm tra ổ trục thanh truyền trước khi tiếp tục.,Check the connecting rod bearing before continuing.,core_standard,C0128,medium,"{""concept"": ""C0128""}",True,False,0.95,needs_domain_expert_review,True
OV2_000510,P000510,dev,core,CORE_B_mechanical_09,mechanical,ASK_STATUS,Ổ trục thanh truyền đã được kiểm tra chưa?,Has the connecting rod bearing been checked?,core_standard,C0128,medium,"{""concept"": ""C0128""}",True,False,0.95,needs_domain_expert_review,False
OV2_000511,P000511,train,core,CORE_C_mechanical_09,mechanical,REPORT_PROBLEM,Có vấn đề với ổ trục thanh truyền.,There is a problem with the connecting rod bearing.,core_standard,C0128,medium,"{""concept"": ""C0128""}",True,False,0.95,needs_domain_expert_review,True
OV2_000512,P000512,train,core,CORE_D_mechanical_09,mechanical,REQUEST_INSPECTION,Kiểm tra lại ổ trục thanh truyền sau khi xử lý.,Recheck the connecting rod bearing after corrective action.,core_standard,C0128,medium,"{""concept"": ""C0128""}",True,False,0.95,needs_domain_expert_review,True
OV2_000513,P000513,train,core,CORE_A_mechanical_10,mechanical,REQUEST_INSPECTION,Kiểm tra dây đai truyền động trước khi tiếp tục.,Check the drive belt before continuing.,core_standard,C0129,medium,"{""concept"": ""C0129""}",True,False,0.95,needs_domain_expert_review,True
OV2_000514,P000514,dev,core,CORE_B_mechanical_10,mechanical,ASK_STATUS,Dây đai truyền động đã được kiểm tra chưa?,Has the drive belt been checked?,core_standard,C0129,medium,"{""concept"": ""C0129""}",True,False,0.95,needs_domain_expert_review,False
OV2_000515,P000515,train,core,CORE_C_mechanical_10,mechanical,REPORT_PROBLEM,Có vấn đề với dây đai truyền động.,There is a problem with the drive belt.,core_standard,C0129,medium,"{""concept"": ""C0129""}",True,False,0.95,needs_domain_expert_review,True
OV2_000516,P000516,train,core,CORE_D_mechanical_10,mechanical,REQUEST_INSPECTION,Kiểm tra lại dây đai truyền động sau khi xử lý.,Recheck the drive belt after corrective action.,core_standard,C0129,medium,"{""concept"": ""C0129""}",True,False,0.95,needs_domain_expert_review,True
OV2_000517,P000517,train,core,CORE_A_mechanical_11,mechanical,REQUEST_INSPECTION,Kiểm tra khớp nối trước khi tiếp tục.,Check the coupling before continuing.,core_standard,C0130,high,"{""concept"": ""C0130""}",True,False,0.95,needs_domain_expert_review,True
OV2_000518,P000518,train,core,CORE_B_mechanical_11,mechanical,ASK_STATUS,Khớp nối đã được kiểm tra chưa?,Has the coupling been checked?,core_standard,C0130,high,"{""concept"": ""C0130""}",True,False,0.95,needs_domain_expert_review,True
OV2_000519,P000519,train,core,CORE_C_mechanical_11,mechanical,REPORT_PROBLEM,Có vấn đề với khớp nối.,There is a problem with the coupling.,core_standard,C0130,high,"{""concept"": ""C0130""}",True,False,0.95,needs_domain_expert_review,True
OV2_000520,P000520,test,core,CORE_D_mechanical_11,mechanical,REQUEST_INSPECTION,Kiểm tra lại khớp nối sau khi xử lý.,Recheck the coupling after corrective action.,core_standard,C0130,high,"{""concept"": ""C0130""}",True,False,0.95,needs_domain_expert_review,False
OV2_000521,P000521,train,core,CORE_A_mechanical_12,mechanical,REQUEST_INSPECTION,Kiểm tra trục trước khi tiếp tục.,Check the shaft before continuing.,core_standard,C0131,high,"{""concept"": ""C0131""}",True,False,0.95,needs_domain_expert_review,True
OV2_000522,P000522,train,core,CORE_B_mechanical_12,mechanical,ASK_STATUS,Trục đã được kiểm tra chưa?,Has the shaft been checked?,core_standard,C0131,high,"{""concept"": ""C0131""}",True,False,0.95,needs_domain_expert_review,True
OV2_000523,P000523,train,core,CORE_C_mechanical_12,mechanical,REPORT_PROBLEM,Có vấn đề với trục.,There is a problem with the shaft.,core_standard,C0131,high,"{""concept"": ""C0131""}",True,False,0.95,needs_domain_expert_review,True
OV2_000524,P000524,dev,core,CORE_D_mechanical_12,mechanical,REQUEST_INSPECTION,Kiểm tra lại trục sau khi xử lý.,Recheck the shaft after corrective action.,core_standard,C0131,high,"{""concept"": ""C0131""}",True,False,0.95,needs_domain_expert_review,False
OV2_000525,P000525,dev,core,CORE_A_mechanical_13,mechanical,REQUEST_INSPECTION,Kiểm tra bơm trước khi tiếp tục.,Check the pump before continuing.,core_standard,C0132,high,"{""concept"": ""C0132""}",True,False,0.95,needs_domain_expert_review,False
OV2_000526,P000526,dev,core,CORE_B_mechanical_13,mechanical,ASK_STATUS,Bơm đã được kiểm tra chưa?,Has the pump been checked?,core_standard,C0132,high,"{""concept"": ""C0132""}",True,False,0.95,needs_domain_expert_review,False
OV2_000527,P000527,train,core,CORE_C_mechanical_13,mechanical,REPORT_PROBLEM,Có vấn đề với bơm.,There is a problem with the pump.,core_standard,C0132,high,"{""concept"": ""C0132""}",True,False,0.95,needs_domain_expert_review,True
OV2_000528,P000528,test,core,CORE_D_mechanical_13,mechanical,REQUEST_INSPECTION,Kiểm tra lại bơm sau khi xử lý.,Recheck the pump after corrective action.,core_standard,C0132,high,"{""concept"": ""C0132""}",True,False,0.95,needs_domain_expert_review,False
OV2_000529,P000529,train,core,CORE_A_mechanical_14,mechanical,REQUEST_INSPECTION,Kiểm tra van trước khi tiếp tục.,Check the valve before continuing.,core_standard,C0133,high,"{""concept"": ""C0133""}",True,False,0.95,needs_domain_expert_review,True
OV2_000530,P000530,dev,core,CORE_B_mechanical_14,mechanical,ASK_STATUS,Van đã được kiểm tra chưa?,Has the valve been checked?,core_standard,C0133,high,"{""concept"": ""C0133""}",True,False,0.95,needs_domain_expert_review,False
OV2_000531,P000531,train,core,CORE_C_mechanical_14,mechanical,REPORT_PROBLEM,Có vấn đề với van.,There is a problem with the valve.,core_standard,C0133,high,"{""concept"": ""C0133""}",True,False,0.95,needs_domain_expert_review,True
OV2_000532,P000532,train,core,CORE_D_mechanical_14,mechanical,REQUEST_INSPECTION,Kiểm tra lại van sau khi xử lý.,Recheck the valve after corrective action.,core_standard,C0133,high,"{""concept"": ""C0133""}",True,False,0.95,needs_domain_expert_review,True
OV2_000533,P000533,train,core,CORE_A_mechanical_15,mechanical,REQUEST_INSPECTION,Kiểm tra mặt bích trước khi tiếp tục.,Check the flange before continuing.,core_standard,C0134,medium,"{""concept"": ""C0134""}",True,False,0.95,needs_domain_expert_review,True
OV2_000534,P000534,train,core,CORE_B_mechanical_15,mechanical,ASK_STATUS,Mặt bích đã được kiểm tra chưa?,Has the flange been checked?,core_standard,C0134,medium,"{""concept"": ""C0134""}",True,False,0.95,needs_domain_expert_review,True
OV2_000535,P000535,train,core,CORE_C_mechanical_15,mechanical,REPORT_PROBLEM,Có vấn đề với mặt bích.,There is a problem with the flange.,core_standard,C0134,medium,"{""concept"": ""C0134""}",True,False,0.95,needs_domain_expert_review,True
OV2_000536,P000536,train,core,CORE_D_mechanical_15,mechanical,REQUEST_INSPECTION,Kiểm tra lại mặt bích sau khi xử lý.,Recheck the flange after corrective action.,core_standard,C0134,medium,"{""concept"": ""C0134""}",True,False,0.95,needs_domain_expert_review,True
OV2_000537,P000537,train,core,CORE_A_mechanical_16,mechanical,REQUEST_INSPECTION,Kiểm tra phớt làm kín trước khi tiếp tục.,Check the seal before continuing.,core_standard,C0135,medium,"{""concept"": ""C0135""}",True,False,0.95,needs_domain_expert_review,True
OV2_000538,P000538,train,core,CORE_B_mechanical_16,mechanical,ASK_STATUS,Phớt làm kín đã được kiểm tra chưa?,Has the seal been checked?,core_standard,C0135,medium,"{""concept"": ""C0135""}",True,False,0.95,needs_domain_expert_review,True
OV2_000539,P000539,train,core,CORE_C_mechanical_16,mechanical,REPORT_PROBLEM,Có vấn đề với phớt làm kín.,There is a problem with the seal.,core_standard,C0135,medium,"{""concept"": ""C0135""}",True,False,0.95,needs_domain_expert_review,True
OV2_000540,P000540,train,core,CORE_D_mechanical_16,mechanical,REQUEST_INSPECTION,Kiểm tra lại phớt làm kín sau khi xử lý.,Recheck the seal after corrective action.,core_standard,C0135,medium,"{""concept"": ""C0135""}",True,False,0.95,needs_domain_expert_review,True
OV2_000541,P000541,test,core,CORE_A_mechanical_00,mechanical,REQUEST_INSPECTION,Kiểm tra bu lông trước khi tiếp tục.,Check the bolt before continuing.,core_standard,C0136,medium,"{""concept"": ""C0136""}",True,False,0.95,needs_domain_expert_review,False
OV2_000542,P000542,train,core,CORE_B_mechanical_00,mechanical,ASK_STATUS,Bu lông đã được kiểm tra chưa?,Has the bolt been checked?,core_standard,C0136,medium,"{""concept"": ""C0136""}",True,False,0.95,needs_domain_expert_review,True
OV2_000543,P000543,dev,core,CORE_C_mechanical_00,mechanical,REPORT_PROBLEM,Có vấn đề với bu lông.,There is a problem with the bolt.,core_standard,C0136,medium,"{""concept"": ""C0136""}",True,False,0.95,needs_domain_expert_review,False
OV2_000544,P000544,dev,core,CORE_D_mechanical_00,mechanical,REQUEST_INSPECTION,Kiểm tra lại bu lông sau khi xử lý.,Recheck the bolt after corrective action.,core_standard,C0136,medium,"{""concept"": ""C0136""}",True,False,0.95,needs_domain_expert_review,False
OV2_000545,P000545,train,core,CORE_A_mechanical_01,mechanical,REQUEST_INSPECTION,Kiểm tra đai ốc trước khi tiếp tục.,Check the nut before continuing.,core_standard,C0137,medium,"{""concept"": ""C0137""}",True,False,0.95,needs_domain_expert_review,True
OV2_000546,P000546,train,core,CORE_B_mechanical_01,mechanical,ASK_STATUS,Đai ốc đã được kiểm tra chưa?,Has the nut been checked?,core_standard,C0137,medium,"{""concept"": ""C0137""}",True,False,0.95,needs_domain_expert_review,True
OV2_000547,P000547,train,core,CORE_C_mechanical_01,mechanical,REPORT_PROBLEM,Có vấn đề với đai ốc.,There is a problem with the nut.,core_standard,C0137,medium,"{""concept"": ""C0137""}",True,False,0.95,needs_domain_expert_review,True
OV2_000548,P000548,train,core,CORE_D_mechanical_01,mechanical,REQUEST_INSPECTION,Kiểm tra lại đai ốc sau khi xử lý.,Recheck the nut after corrective action.,core_standard,C0137,medium,"{""concept"": ""C0137""}",True,False,0.95,needs_domain_expert_review,True
OV2_000549,P000549,train,core,CORE_A_mechanical_02,mechanical,REQUEST_INSPECTION,Kiểm tra ống thủy lực trước khi tiếp tục.,Check the hydraulic hose before continuing.,core_standard,C0138,critical,"{""concept"": ""C0138""}",True,False,0.95,needs_domain_expert_review,True
OV2_000550,P000550,train,core,CORE_B_mechanical_02,mechanical,ASK_STATUS,Ống thủy lực đã được kiểm tra chưa?,Has the hydraulic hose been checked?,core_standard,C0138,critical,"{""concept"": ""C0138""}",True,False,0.95,needs_domain_expert_review,True
OV2_000551,P000551,train,core,CORE_C_mechanical_02,mechanical,REPORT_PROBLEM,Có vấn đề với ống thủy lực.,There is a problem with the hydraulic hose.,core_standard,C0138,critical,"{""concept"": ""C0138""}",True,False,0.95,needs_domain_expert_review,True
OV2_000552,P000552,train,core,CORE_D_mechanical_02,mechanical,REQUEST_INSPECTION,Kiểm tra lại ống thủy lực sau khi xử lý.,Recheck the hydraulic hose after corrective action.,core_standard,C0138,critical,"{""concept"": ""C0138""}",True,False,0.95,needs_domain_expert_review,True
OV2_000553,P000553,train,core,CORE_A_mechanical_03,mechanical,REQUEST_INSPECTION,Kiểm tra dầu thủy lực trước khi tiếp tục.,Check the hydraulic oil before continuing.,core_standard,C0139,high,"{""concept"": ""C0139""}",True,False,0.95,needs_domain_expert_review,True
OV2_000554,P000554,train,core,CORE_B_mechanical_03,mechanical,ASK_STATUS,Dầu thủy lực đã được kiểm tra chưa?,Has the hydraulic oil been checked?,core_standard,C0139,high,"{""concept"": ""C0139""}",True,False,0.95,needs_domain_expert_review,True
OV2_000555,P000555,train,core,CORE_C_mechanical_03,mechanical,REPORT_PROBLEM,Có vấn đề với dầu thủy lực.,There is a problem with the hydraulic oil.,core_standard,C0139,high,"{""concept"": ""C0139""}",True,False,0.95,needs_domain_expert_review,True
OV2_000556,P000556,test,core,CORE_D_mechanical_03,mechanical,REQUEST_INSPECTION,Kiểm tra lại dầu thủy lực sau khi xử lý.,Recheck the hydraulic oil after corrective action.,core_standard,C0139,high,"{""concept"": ""C0139""}",True,False,0.95,needs_domain_expert_review,False
OV2_000557,P000557,train,core,CORE_A_mechanical_04,mechanical,REQUEST_INSPECTION,Kiểm tra rò dầu trước khi tiếp tục.,Check the oil leak before continuing.,core_standard,C0140,high,"{""concept"": ""C0140""}",True,False,0.95,needs_domain_expert_review,True
OV2_000558,P000558,train,core,CORE_B_mechanical_04,mechanical,ASK_STATUS,Rò dầu đã được kiểm tra chưa?,Has the oil leak been checked?,core_standard,C0140,high,"{""concept"": ""C0140""}",True,False,0.95,needs_domain_expert_review,True
OV2_000559,P000559,test,core,CORE_C_mechanical_04,mechanical,REPORT_PROBLEM,Có vấn đề với rò dầu.,There is a problem with the oil leak.,core_standard,C0140,high,"{""concept"": ""C0140""}",True,False,0.95,needs_domain_expert_review,False
OV2_000560,P000560,train,core,CORE_D_mechanical_04,mechanical,REQUEST_INSPECTION,Kiểm tra lại rò dầu sau khi xử lý.,Recheck the oil leak after corrective action.,core_standard,C0140,high,"{""concept"": ""C0140""}",True,False,0.95,needs_domain_expert_review,True
OV2_000561,P000561,train,core,CORE_A_mechanical_05,mechanical,REQUEST_INSPECTION,Kiểm tra rò nhớt trước khi tiếp tục.,Check the engine oil leak before continuing.,core_standard,C0141,high,"{""concept"": ""C0141""}",True,False,0.95,needs_domain_expert_review,True
OV2_000562,P000562,train,core,CORE_B_mechanical_05,mechanical,ASK_STATUS,Rò nhớt đã được kiểm tra chưa?,Has the engine oil leak been checked?,core_standard,C0141,high,"{""concept"": ""C0141""}",True,False,0.95,needs_domain_expert_review,True
OV2_000563,P000563,train,core,CORE_C_mechanical_05,mechanical,REPORT_PROBLEM,Có vấn đề với rò nhớt.,There is a problem with the engine oil leak.,core_standard,C0141,high,"{""concept"": ""C0141""}",True,False,0.95,needs_domain_expert_review,True
OV2_000564,P000564,test,core,CORE_D_mechanical_05,mechanical,REQUEST_INSPECTION,Kiểm tra lại rò nhớt sau khi xử lý.,Recheck the engine oil leak after corrective action.,core_standard,C0141,high,"{""concept"": ""C0141""}",True,False,0.95,needs_domain_expert_review,False
OV2_000565,P000565,test,core,CORE_A_mechanical_06,mechanical,REQUEST_INSPECTION,Kiểm tra két làm mát trước khi tiếp tục.,Check the radiator before continuing.,core_standard,C0142,medium,"{""concept"": ""C0142""}",True,False,0.95,needs_domain_expert_review,False
OV2_000566,P000566,train,core,CORE_B_mechanical_06,mechanical,ASK_STATUS,Két làm mát đã được kiểm tra chưa?,Has the radiator been checked?,core_standard,C0142,medium,"{""concept"": ""C0142""}",True,False,0.95,needs_domain_expert_review,True
OV2_000567,P000567,train,core,CORE_C_mechanical_06,mechanical,REPORT_PROBLEM,Có vấn đề với két làm mát.,There is a problem with the radiator.,core_standard,C0142,medium,"{""concept"": ""C0142""}",True,False,0.95,needs_domain_expert_review,True
OV2_000568,P000568,train,core,CORE_D_mechanical_06,mechanical,REQUEST_INSPECTION,Kiểm tra lại két làm mát sau khi xử lý.,Recheck the radiator after corrective action.,core_standard,C0142,medium,"{""concept"": ""C0142""}",True,False,0.95,needs_domain_expert_review,True
OV2_000569,P000569,train,core,CORE_A_mechanical_07,mechanical,REQUEST_INSPECTION,Kiểm tra ống xả trước khi tiếp tục.,Check the exhaust pipe before continuing.,core_standard,C0143,medium,"{""concept"": ""C0143""}",True,False,0.95,needs_domain_expert_review,True
OV2_000570,P000570,train,core,CORE_B_mechanical_07,mechanical,ASK_STATUS,Ống xả đã được kiểm tra chưa?,Has the exhaust pipe been checked?,core_standard,C0143,medium,"{""concept"": ""C0143""}",True,False,0.95,needs_domain_expert_review,True
OV2_000571,P000571,dev,core,CORE_C_mechanical_07,mechanical,REPORT_PROBLEM,Có vấn đề với ống xả.,There is a problem with the exhaust pipe.,core_standard,C0143,medium,"{""concept"": ""C0143""}",True,False,0.95,needs_domain_expert_review,False
OV2_000572,P000572,train,core,CORE_D_mechanical_07,mechanical,REQUEST_INSPECTION,Kiểm tra lại ống xả sau khi xử lý.,Recheck the exhaust pipe after corrective action.,core_standard,C0143,medium,"{""concept"": ""C0143""}",True,False,0.95,needs_domain_expert_review,True
OV2_000573,P000573,train,core,CORE_A_mechanical_08,mechanical,REQUEST_INSPECTION,Kiểm tra bộ lọc trước khi tiếp tục.,Check the filter before continuing.,core_standard,C0144,medium,"{""concept"": ""C0144""}",True,False,0.95,needs_domain_expert_review,True
OV2_000574,P000574,train,core,CORE_B_mechanical_08,mechanical,ASK_STATUS,Bộ lọc đã được kiểm tra chưa?,Has the filter been checked?,core_standard,C0144,medium,"{""concept"": ""C0144""}",True,False,0.95,needs_domain_expert_review,True
OV2_000575,P000575,dev,core,CORE_C_mechanical_08,mechanical,REPORT_PROBLEM,Có vấn đề với bộ lọc.,There is a problem with the filter.,core_standard,C0144,medium,"{""concept"": ""C0144""}",True,False,0.95,needs_domain_expert_review,False
OV2_000576,P000576,dev,core,CORE_D_mechanical_08,mechanical,REQUEST_INSPECTION,Kiểm tra lại bộ lọc sau khi xử lý.,Recheck the filter after corrective action.,core_standard,C0144,medium,"{""concept"": ""C0144""}",True,False,0.95,needs_domain_expert_review,False
OV2_000577,P000577,dev,core,CORE_A_welding_hotwork_09,welding_hotwork,REQUEST_INSPECTION,Kiểm tra máy hàn trước khi tiếp tục.,Check the welding machine before continuing.,core_standard,C0145,high,"{""concept"": ""C0145""}",True,False,0.95,needs_domain_expert_review,False
OV2_000578,P000578,test,core,CORE_B_welding_hotwork_09,welding_hotwork,ASK_STATUS,Máy hàn đã được kiểm tra chưa?,Has the welding machine been checked?,core_standard,C0145,high,"{""concept"": ""C0145""}",True,False,0.95,needs_domain_expert_review,False
OV2_000579,P000579,train,core,CORE_C_welding_hotwork_09,welding_hotwork,REPORT_PROBLEM,Có vấn đề với máy hàn.,There is a problem with the welding machine.,core_standard,C0145,high,"{""concept"": ""C0145""}",True,False,0.95,needs_domain_expert_review,True
OV2_000580,P000580,train,core,CORE_D_welding_hotwork_09,welding_hotwork,REQUEST_INSPECTION,Kiểm tra lại máy hàn sau khi xử lý.,Recheck the welding machine after corrective action.,core_standard,C0145,high,"{""concept"": ""C0145""}",True,False,0.95,needs_domain_expert_review,True
OV2_000581,P000581,train,core,CORE_A_welding_hotwork_10,welding_hotwork,REQUEST_INSPECTION,Kiểm tra que hàn trước khi tiếp tục.,Check the welding electrode before continuing.,core_standard,C0146,medium,"{""concept"": ""C0146""}",True,False,0.95,needs_domain_expert_review,True
OV2_000582,P000582,train,core,CORE_B_welding_hotwork_10,welding_hotwork,ASK_STATUS,Que hàn đã được kiểm tra chưa?,Has the welding electrode been checked?,core_standard,C0146,medium,"{""concept"": ""C0146""}",True,False,0.95,needs_domain_expert_review,True
OV2_000583,P000583,train,core,CORE_C_welding_hotwork_10,welding_hotwork,REPORT_PROBLEM,Có vấn đề với que hàn.,There is a problem with the welding electrode.,core_standard,C0146,medium,"{""concept"": ""C0146""}",True,False,0.95,needs_domain_expert_review,True
OV2_000584,P000584,train,core,CORE_D_welding_hotwork_10,welding_hotwork,REQUEST_INSPECTION,Kiểm tra lại que hàn sau khi xử lý.,Recheck the welding electrode after corrective action.,core_standard,C0146,medium,"{""concept"": ""C0146""}",True,False,0.95,needs_domain_expert_review,True
OV2_000585,P000585,train,core,CORE_A_welding_hotwork_11,welding_hotwork,REQUEST_INSPECTION,Kiểm tra dây hàn trước khi tiếp tục.,Check the welding wire before continuing.,core_standard,C0147,medium,"{""concept"": ""C0147""}",True,False,0.95,needs_domain_expert_review,True
OV2_000586,P000586,test,core,CORE_B_welding_hotwork_11,welding_hotwork,ASK_STATUS,Dây hàn đã được kiểm tra chưa?,Has the welding wire been checked?,core_standard,C0147,medium,"{""concept"": ""C0147""}",True,False,0.95,needs_domain_expert_review,False
OV2_000587,P000587,train,core,CORE_C_welding_hotwork_11,welding_hotwork,REPORT_PROBLEM,Có vấn đề với dây hàn.,There is a problem with the welding wire.,core_standard,C0147,medium,"{""concept"": ""C0147""}",True,False,0.95,needs_domain_expert_review,True
OV2_000588,P000588,train,core,CORE_D_welding_hotwork_11,welding_hotwork,REQUEST_INSPECTION,Kiểm tra lại dây hàn sau khi xử lý.,Recheck the welding wire after corrective action.,core_standard,C0147,medium,"{""concept"": ""C0147""}",True,False,0.95,needs_domain_expert_review,True
OV2_000589,P000589,train,core,CORE_A_welding_hotwork_12,welding_hotwork,REQUEST_INSPECTION,Kiểm tra mối hàn trước khi tiếp tục.,Check the weld before continuing.,core_standard,C0148,high,"{""concept"": ""C0148""}",True,False,0.95,needs_domain_expert_review,True
OV2_000590,P000590,train,core,CORE_B_welding_hotwork_12,welding_hotwork,ASK_STATUS,Mối hàn đã được kiểm tra chưa?,Has the weld been checked?,core_standard,C0148,high,"{""concept"": ""C0148""}",True,False,0.95,needs_domain_expert_review,True
OV2_000591,P000591,train,core,CORE_C_welding_hotwork_12,welding_hotwork,REPORT_PROBLEM,Có vấn đề với mối hàn.,There is a problem with the weld.,core_standard,C0148,high,"{""concept"": ""C0148""}",True,False,0.95,needs_domain_expert_review,True
OV2_000592,P000592,dev,core,CORE_D_welding_hotwork_12,welding_hotwork,REQUEST_INSPECTION,Kiểm tra lại mối hàn sau khi xử lý.,Recheck the weld after corrective action.,core_standard,C0148,high,"{""concept"": ""C0148""}",True,False,0.95,needs_domain_expert_review,False
OV2_000593,P000593,train,core,CORE_A_welding_hotwork_13,welding_hotwork,REQUEST_INSPECTION,Kiểm tra hàn hồ quang trước khi tiếp tục.,Check the arc welding before continuing.,core_standard,C0149,high,"{""concept"": ""C0149""}",True,False,0.95,needs_domain_expert_review,True
OV2_000594,P000594,train,core,CORE_B_welding_hotwork_13,welding_hotwork,ASK_STATUS,Hàn hồ quang đã được kiểm tra chưa?,Has the arc welding been checked?,core_standard,C0149,high,"{""concept"": ""C0149""}",True,False,0.95,needs_domain_expert_review,True
OV2_000595,P000595,test,core,CORE_C_welding_hotwork_13,welding_hotwork,REPORT_PROBLEM,Có vấn đề với hàn hồ quang.,There is a problem with the arc welding.,core_standard,C0149,high,"{""concept"": ""C0149""}",True,False,0.95,needs_domain_expert_review,False
OV2_000596,P000596,train,core,CORE_D_welding_hotwork_13,welding_hotwork,REQUEST_INSPECTION,Kiểm tra lại hàn hồ quang sau khi xử lý.,Recheck the arc welding after corrective action.,core_standard,C0149,high,"{""concept"": ""C0149""}",True,False,0.95,needs_domain_expert_review,True
OV2_000597,P000597,test,core,CORE_A_welding_hotwork_14,welding_hotwork,REQUEST_INSPECTION,Kiểm tra hàn MIG trước khi tiếp tục.,Check the MIG welding before continuing.,core_standard,C0150,medium,"{""concept"": ""C0150""}",True,False,0.95,needs_domain_expert_review,False
OV2_000598,P000598,train,core,CORE_B_welding_hotwork_14,welding_hotwork,ASK_STATUS,Hàn mig đã được kiểm tra chưa?,Has the MIG welding been checked?,core_standard,C0150,medium,"{""concept"": ""C0150""}",True,False,0.95,needs_domain_expert_review,True
OV2_000599,P000599,train,core,CORE_C_welding_hotwork_14,welding_hotwork,REPORT_PROBLEM,Có vấn đề với hàn MIG.,There is a problem with the MIG welding.,core_standard,C0150,medium,"{""concept"": ""C0150""}",True,False,0.95,needs_domain_expert_review,True
OV2_000600,P000600,train,core,CORE_D_welding_hotwork_14,welding_hotwork,REQUEST_INSPECTION,Kiểm tra lại hàn MIG sau khi xử lý.,Recheck the MIG welding after corrective action.,core_standard,C0150,medium,"{""concept"": ""C0150""}",True,False,0.95,needs_domain_expert_review,True
OV2_000601,P000601,train,core,CORE_A_welding_hotwork_15,welding_hotwork,REQUEST_INSPECTION,Kiểm tra hàn TIG trước khi tiếp tục.,Check the TIG welding before continuing.,core_standard,C0151,medium,"{""concept"": ""C0151""}",True,False,0.95,needs_domain_expert_review,True
OV2_000602,P000602,train,core,CORE_B_welding_hotwork_15,welding_hotwork,ASK_STATUS,Hàn tig đã được kiểm tra chưa?,Has the TIG welding been checked?,core_standard,C0151,medium,"{""concept"": ""C0151""}",True,False,0.95,needs_domain_expert_review,True
OV2_000603,P000603,train,core,CORE_C_welding_hotwork_15,welding_hotwork,REPORT_PROBLEM,Có vấn đề với hàn TIG.,There is a problem with the TIG welding.,core_standard,C0151,medium,"{""concept"": ""C0151""}",True,False,0.95,needs_domain_expert_review,True
OV2_000604,P000604,train,core,CORE_D_welding_hotwork_15,welding_hotwork,REQUEST_INSPECTION,Kiểm tra lại hàn TIG sau khi xử lý.,Recheck the TIG welding after corrective action.,core_standard,C0151,medium,"{""concept"": ""C0151""}",True,False,0.95,needs_domain_expert_review,True
OV2_000605,P000605,train,core,CORE_A_welding_hotwork_16,welding_hotwork,REQUEST_INSPECTION,Kiểm tra xỉ hàn trước khi tiếp tục.,Check the welding slag before continuing.,core_standard,C0152,medium,"{""concept"": ""C0152""}",True,False,0.95,needs_domain_expert_review,True
OV2_000606,P000606,train,core,CORE_B_welding_hotwork_16,welding_hotwork,ASK_STATUS,Xỉ hàn đã được kiểm tra chưa?,Has the welding slag been checked?,core_standard,C0152,medium,"{""concept"": ""C0152""}",True,False,0.95,needs_domain_expert_review,True
OV2_000607,P000607,train,core,CORE_C_welding_hotwork_16,welding_hotwork,REPORT_PROBLEM,Có vấn đề với xỉ hàn.,There is a problem with the welding slag.,core_standard,C0152,medium,"{""concept"": ""C0152""}",True,False,0.95,needs_domain_expert_review,True
OV2_000608,P000608,test,core,CORE_D_welding_hotwork_16,welding_hotwork,REQUEST_INSPECTION,Kiểm tra lại xỉ hàn sau khi xử lý.,Recheck the welding slag after corrective action.,core_standard,C0152,medium,"{""concept"": ""C0152""}",True,False,0.95,needs_domain_expert_review,False
OV2_000609,P000609,train,core,CORE_A_welding_hotwork_00,welding_hotwork,REQUEST_INSPECTION,Kiểm tra bắn tóe hàn trước khi tiếp tục.,Check the weld spatter before continuing.,core_standard,C0153,high,"{""concept"": ""C0153""}",True,False,0.95,needs_domain_expert_review,True
OV2_000610,P000610,train,core,CORE_B_welding_hotwork_00,welding_hotwork,ASK_STATUS,Bắn tóe hàn đã được kiểm tra chưa?,Has the weld spatter been checked?,core_standard,C0153,high,"{""concept"": ""C0153""}",True,False,0.95,needs_domain_expert_review,True
OV2_000611,P000611,train,core,CORE_C_welding_hotwork_00,welding_hotwork,REPORT_PROBLEM,Có vấn đề với bắn tóe hàn.,There is a problem with the weld spatter.,core_standard,C0153,high,"{""concept"": ""C0153""}",True,False,0.95,needs_domain_expert_review,True
OV2_000612,P000612,train,core,CORE_D_welding_hotwork_00,welding_hotwork,REQUEST_INSPECTION,Kiểm tra lại bắn tóe hàn sau khi xử lý.,Recheck the weld spatter after corrective action.,core_standard,C0153,high,"{""concept"": ""C0153""}",True,False,0.95,needs_domain_expert_review,True
OV2_000613,P000613,train,core,CORE_A_welding_hotwork_01,welding_hotwork,REQUEST_INSPECTION,Kiểm tra mặt nạ hàn trước khi tiếp tục.,Check the welding helmet before continuing.,core_standard,C0154,critical,"{""concept"": ""C0154""}",True,False,0.95,needs_domain_expert_review,True
OV2_000614,P000614,train,core,CORE_B_welding_hotwork_01,welding_hotwork,ASK_STATUS,Mặt nạ hàn đã được kiểm tra chưa?,Has the welding helmet been checked?,core_standard,C0154,critical,"{""concept"": ""C0154""}",True,False,0.95,needs_domain_expert_review,True
OV2_000615,P000615,train,core,CORE_C_welding_hotwork_01,welding_hotwork,REPORT_PROBLEM,Có vấn đề với mặt nạ hàn.,There is a problem with the welding helmet.,core_standard,C0154,critical,"{""concept"": ""C0154""}",True,False,0.95,needs_domain_expert_review,True
OV2_000616,P000616,train,core,CORE_D_welding_hotwork_01,welding_hotwork,REQUEST_INSPECTION,Kiểm tra lại mặt nạ hàn sau khi xử lý.,Recheck the welding helmet after corrective action.,core_standard,C0154,critical,"{""concept"": ""C0154""}",True,False,0.95,needs_domain_expert_review,True
OV2_000617,P000617,test,core,CORE_A_welding_hotwork_02,welding_hotwork,REQUEST_INSPECTION,Kiểm tra bình khí trước khi tiếp tục.,Check the gas cylinder before continuing.,core_standard,C0155,critical,"{""concept"": ""C0155""}",True,False,0.95,needs_domain_expert_review,False
OV2_000618,P000618,train,core,CORE_B_welding_hotwork_02,welding_hotwork,ASK_STATUS,Bình khí đã được kiểm tra chưa?,Has the gas cylinder been checked?,core_standard,C0155,critical,"{""concept"": ""C0155""}",True,False,0.95,needs_domain_expert_review,True
OV2_000619,P000619,train,core,CORE_C_welding_hotwork_02,welding_hotwork,REPORT_PROBLEM,Có vấn đề với bình khí.,There is a problem with the gas cylinder.,core_standard,C0155,critical,"{""concept"": ""C0155""}",True,False,0.95,needs_domain_expert_review,True
OV2_000620,P000620,train,core,CORE_D_welding_hotwork_02,welding_hotwork,REQUEST_INSPECTION,Kiểm tra lại bình khí sau khi xử lý.,Recheck the gas cylinder after corrective action.,core_standard,C0155,critical,"{""concept"": ""C0155""}",True,False,0.95,needs_domain_expert_review,True
OV2_000621,P000621,train,core,CORE_A_welding_hotwork_03,welding_hotwork,REQUEST_INSPECTION,Kiểm tra bình oxy trước khi tiếp tục.,Check the oxygen cylinder before continuing.,core_standard,C0156,critical,"{""concept"": ""C0156""}",True,False,0.95,needs_domain_expert_review,True
OV2_000622,P000622,train,core,CORE_B_welding_hotwork_03,welding_hotwork,ASK_STATUS,Bình oxy đã được kiểm tra chưa?,Has the oxygen cylinder been checked?,core_standard,C0156,critical,"{""concept"": ""C0156""}",True,False,0.95,needs_domain_expert_review,True
OV2_000623,P000623,test,core,CORE_C_welding_hotwork_03,welding_hotwork,REPORT_PROBLEM,Có vấn đề với bình oxy.,There is a problem with the oxygen cylinder.,core_standard,C0156,critical,"{""concept"": ""C0156""}",True,False,0.95,needs_domain_expert_review,False
OV2_000624,P000624,train,core,CORE_D_welding_hotwork_03,welding_hotwork,REQUEST_INSPECTION,Kiểm tra lại bình oxy sau khi xử lý.,Recheck the oxygen cylinder after corrective action.,core_standard,C0156,critical,"{""concept"": ""C0156""}",True,False,0.95,needs_domain_expert_review,True
OV2_000625,P000625,train,core,CORE_A_welding_hotwork_04,welding_hotwork,REQUEST_INSPECTION,Kiểm tra van điều áp trước khi tiếp tục.,Check the gas regulator before continuing.,core_standard,C0157,critical,"{""concept"": ""C0157""}",True,False,0.95,needs_domain_expert_review,True
OV2_000626,P000626,train,core,CORE_B_welding_hotwork_04,welding_hotwork,ASK_STATUS,Van điều áp đã được kiểm tra chưa?,Has the gas regulator been checked?,core_standard,C0157,critical,"{""concept"": ""C0157""}",True,False,0.95,needs_domain_expert_review,True
OV2_000627,P000627,train,core,CORE_C_welding_hotwork_04,welding_hotwork,REPORT_PROBLEM,Có vấn đề với van điều áp.,There is a problem with the gas regulator.,core_standard,C0157,critical,"{""concept"": ""C0157""}",True,False,0.95,needs_domain_expert_review,True
OV2_000628,P000628,train,core,CORE_D_welding_hotwork_04,welding_hotwork,REQUEST_INSPECTION,Kiểm tra lại van điều áp sau khi xử lý.,Recheck the gas regulator after corrective action.,core_standard,C0157,critical,"{""concept"": ""C0157""}",True,False,0.95,needs_domain_expert_review,True
OV2_000629,P000629,train,core,CORE_A_welding_hotwork_05,welding_hotwork,REQUEST_INSPECTION,Kiểm tra mỏ hàn trước khi tiếp tục.,Check the welding torch before continuing.,core_standard,C0158,high,"{""concept"": ""C0158""}",True,False,0.95,needs_domain_expert_review,True
OV2_000630,P000630,dev,core,CORE_B_welding_hotwork_05,welding_hotwork,ASK_STATUS,Mỏ hàn đã được kiểm tra chưa?,Has the welding torch been checked?,core_standard,C0158,high,"{""concept"": ""C0158""}",True,False,0.95,needs_domain_expert_review,False
OV2_000631,P000631,train,core,CORE_C_welding_hotwork_05,welding_hotwork,REPORT_PROBLEM,Có vấn đề với mỏ hàn.,There is a problem with the welding torch.,core_standard,C0158,high,"{""concept"": ""C0158""}",True,False,0.95,needs_domain_expert_review,True
OV2_000632,P000632,train,core,CORE_D_welding_hotwork_05,welding_hotwork,REQUEST_INSPECTION,Kiểm tra lại mỏ hàn sau khi xử lý.,Recheck the welding torch after corrective action.,core_standard,C0158,high,"{""concept"": ""C0158""}",True,False,0.95,needs_domain_expert_review,True
OV2_000633,P000633,train,core,CORE_A_welding_hotwork_06,welding_hotwork,REQUEST_INSPECTION,Kiểm tra cắt oxy-gas trước khi tiếp tục.,Check the oxy-fuel cutting before continuing.,core_standard,C0159,critical,"{""concept"": ""C0159""}",True,False,0.95,needs_domain_expert_review,True
OV2_000634,P000634,train,core,CORE_B_welding_hotwork_06,welding_hotwork,ASK_STATUS,Cắt oxy-gas đã được kiểm tra chưa?,Has the oxy-fuel cutting been checked?,core_standard,C0159,critical,"{""concept"": ""C0159""}",True,False,0.95,needs_domain_expert_review,True
OV2_000635,P000635,train,core,CORE_C_welding_hotwork_06,welding_hotwork,REPORT_PROBLEM,Có vấn đề với cắt oxy-gas.,There is a problem with the oxy-fuel cutting.,core_standard,C0159,critical,"{""concept"": ""C0159""}",True,False,0.95,needs_domain_expert_review,True
OV2_000636,P000636,train,core,CORE_D_welding_hotwork_06,welding_hotwork,REQUEST_INSPECTION,Kiểm tra lại cắt oxy-gas sau khi xử lý.,Recheck the oxy-fuel cutting after corrective action.,core_standard,C0159,critical,"{""concept"": ""C0159""}",True,False,0.95,needs_domain_expert_review,True
OV2_000637,P000637,train,core,CORE_A_welding_hotwork_07,welding_hotwork,REQUEST_INSPECTION,Kiểm tra ống dẫn khí trước khi tiếp tục.,Check the gas hose before continuing.,core_standard,C0160,critical,"{""concept"": ""C0160""}",True,False,0.95,needs_domain_expert_review,True
OV2_000638,P000638,train,core,CORE_B_welding_hotwork_07,welding_hotwork,ASK_STATUS,Ống dẫn khí đã được kiểm tra chưa?,Has the gas hose been checked?,core_standard,C0160,critical,"{""concept"": ""C0160""}",True,False,0.95,needs_domain_expert_review,True
OV2_000639,P000639,train,core,CORE_C_welding_hotwork_07,welding_hotwork,REPORT_PROBLEM,Có vấn đề với ống dẫn khí.,There is a problem with the gas hose.,core_standard,C0160,critical,"{""concept"": ""C0160""}",True,False,0.95,needs_domain_expert_review,True
OV2_000640,P000640,test,core,CORE_D_welding_hotwork_07,welding_hotwork,REQUEST_INSPECTION,Kiểm tra lại ống dẫn khí sau khi xử lý.,Recheck the gas hose after corrective action.,core_standard,C0160,critical,"{""concept"": ""C0160""}",True,False,0.95,needs_domain_expert_review,False
OV2_000641,P000641,train,core,CORE_A_welding_hotwork_08,welding_hotwork,REQUEST_INSPECTION,Kiểm tra van bình khí trước khi tiếp tục.,Check the cylinder valve before continuing.,core_standard,C0161,critical,"{""concept"": ""C0161""}",True,False,0.95,needs_domain_expert_review,True
OV2_000642,P000642,train,core,CORE_B_welding_hotwork_08,welding_hotwork,ASK_STATUS,Van bình khí đã được kiểm tra chưa?,Has the cylinder valve been checked?,core_standard,C0161,critical,"{""concept"": ""C0161""}",True,False,0.95,needs_domain_expert_review,True
OV2_000643,P000643,train,core,CORE_C_welding_hotwork_08,welding_hotwork,REPORT_PROBLEM,Có vấn đề với van bình khí.,There is a problem with the cylinder valve.,core_standard,C0161,critical,"{""concept"": ""C0161""}",True,False,0.95,needs_domain_expert_review,True
OV2_000644,P000644,train,core,CORE_D_welding_hotwork_08,welding_hotwork,REQUEST_INSPECTION,Kiểm tra lại van bình khí sau khi xử lý.,Recheck the cylinder valve after corrective action.,core_standard,C0161,critical,"{""concept"": ""C0161""}",True,False,0.95,needs_domain_expert_review,True
OV2_000645,P000645,dev,core,CORE_A_welding_hotwork_09,welding_hotwork,REQUEST_INSPECTION,Kiểm tra tấm chắn hàn trước khi tiếp tục.,Check the welding screen before continuing.,core_standard,C0162,high,"{""concept"": ""C0162""}",True,False,0.95,needs_domain_expert_review,False
OV2_000646,P000646,test,core,CORE_B_welding_hotwork_09,welding_hotwork,ASK_STATUS,Tấm chắn hàn đã được kiểm tra chưa?,Has the welding screen been checked?,core_standard,C0162,high,"{""concept"": ""C0162""}",True,False,0.95,needs_domain_expert_review,False
OV2_000647,P000647,train,core,CORE_C_welding_hotwork_09,welding_hotwork,REPORT_PROBLEM,Có vấn đề với tấm chắn hàn.,There is a problem with the welding screen.,core_standard,C0162,high,"{""concept"": ""C0162""}",True,False,0.95,needs_domain_expert_review,True
OV2_000648,P000648,train,core,CORE_D_welding_hotwork_09,welding_hotwork,REQUEST_INSPECTION,Kiểm tra lại tấm chắn hàn sau khi xử lý.,Recheck the welding screen after corrective action.,core_standard,C0162,high,"{""concept"": ""C0162""}",True,False,0.95,needs_domain_expert_review,True
OV2_000649,P000649,train,core,CORE_A_piping_plumbing_10,piping_plumbing,REQUEST_INSPECTION,Kiểm tra ống cấp nước trước khi tiếp tục.,Check the water supply pipe before continuing.,core_standard,C0163,medium,"{""concept"": ""C0163""}",True,False,0.95,needs_domain_expert_review,True
OV2_000650,P000650,train,core,CORE_B_piping_plumbing_10,piping_plumbing,ASK_STATUS,Ống cấp nước đã được kiểm tra chưa?,Has the water supply pipe been checked?,core_standard,C0163,medium,"{""concept"": ""C0163""}",True,False,0.95,needs_domain_expert_review,True
OV2_000651,P000651,train,core,CORE_C_piping_plumbing_10,piping_plumbing,REPORT_PROBLEM,Có vấn đề với ống cấp nước.,There is a problem with the water supply pipe.,core_standard,C0163,medium,"{""concept"": ""C0163""}",True,False,0.95,needs_domain_expert_review,True
OV2_000652,P000652,train,core,CORE_D_piping_plumbing_10,piping_plumbing,REQUEST_INSPECTION,Kiểm tra lại ống cấp nước sau khi xử lý.,Recheck the water supply pipe after corrective action.,core_standard,C0163,medium,"{""concept"": ""C0163""}",True,False,0.95,needs_domain_expert_review,True
OV2_000653,P000653,train,core,CORE_A_piping_plumbing_11,piping_plumbing,REQUEST_INSPECTION,Kiểm tra ống thoát nước trước khi tiếp tục.,Check the drain pipe before continuing.,core_standard,C0164,medium,"{""concept"": ""C0164""}",True,False,0.95,needs_domain_expert_review,True
OV2_000654,P000654,train,core,CORE_B_piping_plumbing_11,piping_plumbing,ASK_STATUS,Ống thoát nước đã được kiểm tra chưa?,Has the drain pipe been checked?,core_standard,C0164,medium,"{""concept"": ""C0164""}",True,False,0.95,needs_domain_expert_review,True
OV2_000655,P000655,train,core,CORE_C_piping_plumbing_11,piping_plumbing,REPORT_PROBLEM,Có vấn đề với ống thoát nước.,There is a problem with the drain pipe.,core_standard,C0164,medium,"{""concept"": ""C0164""}",True,False,0.95,needs_domain_expert_review,True
OV2_000656,P000656,train,core,CORE_D_piping_plumbing_11,piping_plumbing,REQUEST_INSPECTION,Kiểm tra lại ống thoát nước sau khi xử lý.,Recheck the drain pipe after corrective action.,core_standard,C0164,medium,"{""concept"": ""C0164""}",True,False,0.95,needs_domain_expert_review,True
OV2_000657,P000657,train,core,CORE_A_piping_plumbing_12,piping_plumbing,REQUEST_INSPECTION,Kiểm tra ống PPR trước khi tiếp tục.,Check the PPR pipe before continuing.,core_standard,C0165,medium,"{""concept"": ""C0165""}",True,False,0.95,needs_domain_expert_review,True
OV2_000658,P000658,train,core,CORE_B_piping_plumbing_12,piping_plumbing,ASK_STATUS,Ống ppr đã được kiểm tra chưa?,Has the PPR pipe been checked?,core_standard,C0165,medium,"{""concept"": ""C0165""}",True,False,0.95,needs_domain_expert_review,True
OV2_000659,P000659,train,core,CORE_C_piping_plumbing_12,piping_plumbing,REPORT_PROBLEM,Có vấn đề với ống PPR.,There is a problem with the PPR pipe.,core_standard,C0165,medium,"{""concept"": ""C0165""}",True,False,0.95,needs_domain_expert_review,True
OV2_000660,P000660,train,core,CORE_D_piping_plumbing_12,piping_plumbing,REQUEST_INSPECTION,Kiểm tra lại ống PPR sau khi xử lý.,Recheck the PPR pipe after corrective action.,core_standard,C0165,medium,"{""concept"": ""C0165""}",True,False,0.95,needs_domain_expert_review,True
OV2_000661,P000661,test,core,CORE_A_piping_plumbing_13,piping_plumbing,REQUEST_INSPECTION,Kiểm tra ống thép mạ kẽm trước khi tiếp tục.,Check the galvanized steel pipe before continuing.,core_standard,C0166,medium,"{""concept"": ""C0166""}",True,False,0.95,needs_domain_expert_review,False
OV2_000662,P000662,train,core,CORE_B_piping_plumbing_13,piping_plumbing,ASK_STATUS,Ống thép mạ kẽm đã được kiểm tra chưa?,Has the galvanized steel pipe been checked?,core_standard,C0166,medium,"{""concept"": ""C0166""}",True,False,0.95,needs_domain_expert_review,True
OV2_000663,P000663,train,core,CORE_C_piping_plumbing_13,piping_plumbing,REPORT_PROBLEM,Có vấn đề với ống thép mạ kẽm.,There is a problem with the galvanized steel pipe.,core_standard,C0166,medium,"{""concept"": ""C0166""}",True,False,0.95,needs_domain_expert_review,True
OV2_000664,P000664,train,core,CORE_D_piping_plumbing_13,piping_plumbing,REQUEST_INSPECTION,Kiểm tra lại ống thép mạ kẽm sau khi xử lý.,Recheck the galvanized steel pipe after corrective action.,core_standard,C0166,medium,"{""concept"": ""C0166""}",True,False,0.95,needs_domain_expert_review,True
OV2_000665,P000665,train,core,CORE_A_piping_plumbing_14,piping_plumbing,REQUEST_INSPECTION,Kiểm tra van bi trước khi tiếp tục.,Check the ball valve before continuing.,core_standard,C0167,medium,"{""concept"": ""C0167""}",True,False,0.95,needs_domain_expert_review,True
OV2_000666,P000666,train,core,CORE_B_piping_plumbing_14,piping_plumbing,ASK_STATUS,Van bi đã được kiểm tra chưa?,Has the ball valve been checked?,core_standard,C0167,medium,"{""concept"": ""C0167""}",True,False,0.95,needs_domain_expert_review,True
OV2_000667,P000667,dev,core,CORE_C_piping_plumbing_14,piping_plumbing,REPORT_PROBLEM,Có vấn đề với van bi.,There is a problem with the ball valve.,core_standard,C0167,medium,"{""concept"": ""C0167""}",True,False,0.95,needs_domain_expert_review,False
OV2_000668,P000668,train,core,CORE_D_piping_plumbing_14,piping_plumbing,REQUEST_INSPECTION,Kiểm tra lại van bi sau khi xử lý.,Recheck the ball valve after corrective action.,core_standard,C0167,medium,"{""concept"": ""C0167""}",True,False,0.95,needs_domain_expert_review,True
OV2_000669,P000669,test,core,CORE_A_piping_plumbing_15,piping_plumbing,REQUEST_INSPECTION,Kiểm tra van cổng trước khi tiếp tục.,Check the gate valve before continuing.,core_standard,C0168,medium,"{""concept"": ""C0168""}",True,False,0.95,needs_domain_expert_review,False
OV2_000670,P000670,train,core,CORE_B_piping_plumbing_15,piping_plumbing,ASK_STATUS,Van cổng đã được kiểm tra chưa?,Has the gate valve been checked?,core_standard,C0168,medium,"{""concept"": ""C0168""}",True,False,0.95,needs_domain_expert_review,True
OV2_000671,P000671,train,core,CORE_C_piping_plumbing_15,piping_plumbing,REPORT_PROBLEM,Có vấn đề với van cổng.,There is a problem with the gate valve.,core_standard,C0168,medium,"{""concept"": ""C0168""}",True,False,0.95,needs_domain_expert_review,True
OV2_000672,P000672,train,core,CORE_D_piping_plumbing_15,piping_plumbing,REQUEST_INSPECTION,Kiểm tra lại van cổng sau khi xử lý.,Recheck the gate valve after corrective action.,core_standard,C0168,medium,"{""concept"": ""C0168""}",True,False,0.95,needs_domain_expert_review,True
OV2_000673,P000673,train,core,CORE_A_piping_plumbing_16,piping_plumbing,REQUEST_INSPECTION,Kiểm tra van một chiều trước khi tiếp tục.,Check the check valve before continuing.,core_standard,C0169,high,"{""concept"": ""C0169""}",True,False,0.95,needs_domain_expert_review,True
OV2_000674,P000674,train,core,CORE_B_piping_plumbing_16,piping_plumbing,ASK_STATUS,Van một chiều đã được kiểm tra chưa?,Has the check valve been checked?,core_standard,C0169,high,"{""concept"": ""C0169""}",True,False,0.95,needs_domain_expert_review,True
OV2_000675,P000675,test,core,CORE_C_piping_plumbing_16,piping_plumbing,REPORT_PROBLEM,Có vấn đề với van một chiều.,There is a problem with the check valve.,core_standard,C0169,high,"{""concept"": ""C0169""}",True,False,0.95,needs_domain_expert_review,False
OV2_000676,P000676,train,core,CORE_D_piping_plumbing_16,piping_plumbing,REQUEST_INSPECTION,Kiểm tra lại van một chiều sau khi xử lý.,Recheck the check valve after corrective action.,core_standard,C0169,high,"{""concept"": ""C0169""}",True,False,0.95,needs_domain_expert_review,True
OV2_000677,P000677,dev,core,CORE_A_piping_plumbing_00,piping_plumbing,REQUEST_INSPECTION,Kiểm tra cút 90 độ trước khi tiếp tục.,Check the 90-degree elbow before continuing.,core_standard,C0170,medium,"{""concept"": ""C0170""}",True,False,0.95,needs_domain_expert_review,False
OV2_000678,P000678,train,core,CORE_B_piping_plumbing_00,piping_plumbing,ASK_STATUS,Cút 90 độ đã được kiểm tra chưa?,Has the 90-degree elbow been checked?,core_standard,C0170,medium,"{""concept"": ""C0170""}",True,False,0.95,needs_domain_expert_review,True
OV2_000679,P000679,train,core,CORE_C_piping_plumbing_00,piping_plumbing,REPORT_PROBLEM,Có vấn đề với cút 90 độ.,There is a problem with the 90-degree elbow.,core_standard,C0170,medium,"{""concept"": ""C0170""}",True,False,0.95,needs_domain_expert_review,True
OV2_000680,P000680,train,core,CORE_D_piping_plumbing_00,piping_plumbing,REQUEST_INSPECTION,Kiểm tra lại cút 90 độ sau khi xử lý.,Recheck the 90-degree elbow after corrective action.,core_standard,C0170,medium,"{""concept"": ""C0170""}",True,False,0.95,needs_domain_expert_review,True
OV2_000681,P000681,train,core,CORE_A_piping_plumbing_01,piping_plumbing,REQUEST_INSPECTION,Kiểm tra tê ống trước khi tiếp tục.,Check the pipe tee before continuing.,core_standard,C0171,medium,"{""concept"": ""C0171""}",True,False,0.95,needs_domain_expert_review,True
OV2_000682,P000682,dev,core,CORE_B_piping_plumbing_01,piping_plumbing,ASK_STATUS,Tê ống đã được kiểm tra chưa?,Has the pipe tee been checked?,core_standard,C0171,medium,"{""concept"": ""C0171""}",True,False,0.95,needs_domain_expert_review,False
OV2_000683,P000683,train,core,CORE_C_piping_plumbing_01,piping_plumbing,REPORT_PROBLEM,Có vấn đề với tê ống.,There is a problem with the pipe tee.,core_standard,C0171,medium,"{""concept"": ""C0171""}",True,False,0.95,needs_domain_expert_review,True
OV2_000684,P000684,train,core,CORE_D_piping_plumbing_01,piping_plumbing,REQUEST_INSPECTION,Kiểm tra lại tê ống sau khi xử lý.,Recheck the pipe tee after corrective action.,core_standard,C0171,medium,"{""concept"": ""C0171""}",True,False,0.95,needs_domain_expert_review,True
OV2_000685,P000685,train,core,CORE_A_piping_plumbing_02,piping_plumbing,REQUEST_INSPECTION,Kiểm tra măng sông trước khi tiếp tục.,Check the coupling sleeve before continuing.,core_standard,C0172,medium,"{""concept"": ""C0172""}",True,False,0.95,needs_domain_expert_review,True
OV2_000686,P000686,train,core,CORE_B_piping_plumbing_02,piping_plumbing,ASK_STATUS,Măng sông đã được kiểm tra chưa?,Has the coupling sleeve been checked?,core_standard,C0172,medium,"{""concept"": ""C0172""}",True,False,0.95,needs_domain_expert_review,True
OV2_000687,P000687,train,core,CORE_C_piping_plumbing_02,piping_plumbing,REPORT_PROBLEM,Có vấn đề với măng sông.,There is a problem with the coupling sleeve.,core_standard,C0172,medium,"{""concept"": ""C0172""}",True,False,0.95,needs_domain_expert_review,True
OV2_000688,P000688,train,core,CORE_D_piping_plumbing_02,piping_plumbing,REQUEST_INSPECTION,Kiểm tra lại măng sông sau khi xử lý.,Recheck the coupling sleeve after corrective action.,core_standard,C0172,medium,"{""concept"": ""C0172""}",True,False,0.95,needs_domain_expert_review,True
OV2_000689,P000689,dev,core,CORE_A_piping_plumbing_03,piping_plumbing,REQUEST_INSPECTION,Kiểm tra đồng hồ áp suất trước khi tiếp tục.,Check the pressure gauge before continuing.,core_standard,C0173,high,"{""concept"": ""C0173""}",True,False,0.95,needs_domain_expert_review,False
OV2_000690,P000690,test,core,CORE_B_piping_plumbing_03,piping_plumbing,ASK_STATUS,Đồng hồ áp suất đã được kiểm tra chưa?,Has the pressure gauge been checked?,core_standard,C0173,high,"{""concept"": ""C0173""}",True,False,0.95,needs_domain_expert_review,False
OV2_000691,P000691,train,core,CORE_C_piping_plumbing_03,piping_plumbing,REPORT_PROBLEM,Có vấn đề với đồng hồ áp suất.,There is a problem with the pressure gauge.,core_standard,C0173,high,"{""concept"": ""C0173""}",True,False,0.95,needs_domain_expert_review,True
OV2_000692,P000692,dev,core,CORE_D_piping_plumbing_03,piping_plumbing,REQUEST_INSPECTION,Kiểm tra lại đồng hồ áp suất sau khi xử lý.,Recheck the pressure gauge after corrective action.,core_standard,C0173,high,"{""concept"": ""C0173""}",True,False,0.95,needs_domain_expert_review,False
OV2_000693,P000693,train,core,CORE_A_piping_plumbing_04,piping_plumbing,REQUEST_INSPECTION,Kiểm tra rò nước trước khi tiếp tục.,Check the water leak before continuing.,core_standard,C0174,high,"{""concept"": ""C0174""}",True,False,0.95,needs_domain_expert_review,True
OV2_000694,P000694,train,core,CORE_B_piping_plumbing_04,piping_plumbing,ASK_STATUS,Rò nước đã được kiểm tra chưa?,Has the water leak been checked?,core_standard,C0174,high,"{""concept"": ""C0174""}",True,False,0.95,needs_domain_expert_review,True
OV2_000695,P000695,test,core,CORE_C_piping_plumbing_04,piping_plumbing,REPORT_PROBLEM,Có vấn đề với rò nước.,There is a problem with the water leak.,core_standard,C0174,high,"{""concept"": ""C0174""}",True,False,0.95,needs_domain_expert_review,False
OV2_000696,P000696,train,core,CORE_D_piping_plumbing_04,piping_plumbing,REQUEST_INSPECTION,Kiểm tra lại rò nước sau khi xử lý.,Recheck the water leak after corrective action.,core_standard,C0174,high,"{""concept"": ""C0174""}",True,False,0.95,needs_domain_expert_review,True
OV2_000697,P000697,train,core,CORE_A_piping_plumbing_05,piping_plumbing,REQUEST_INSPECTION,Kiểm tra rò khí trước khi tiếp tục.,Check the gas leak before continuing.,core_standard,C0175,critical,"{""concept"": ""C0175""}",True,False,0.95,needs_domain_expert_review,True
OV2_000698,P000698,train,core,CORE_B_piping_plumbing_05,piping_plumbing,ASK_STATUS,Rò khí đã được kiểm tra chưa?,Has the gas leak been checked?,core_standard,C0175,critical,"{""concept"": ""C0175""}",True,False,0.95,needs_domain_expert_review,True
OV2_000699,P000699,test,core,CORE_C_piping_plumbing_05,piping_plumbing,REPORT_PROBLEM,Có vấn đề với rò khí.,There is a problem with the gas leak.,core_standard,C0175,critical,"{""concept"": ""C0175""}",True,False,0.95,needs_domain_expert_review,False
OV2_000700,P000700,train,core,CORE_D_piping_plumbing_05,piping_plumbing,REQUEST_INSPECTION,Kiểm tra lại rò khí sau khi xử lý.,Recheck the gas leak after corrective action.,core_standard,C0175,critical,"{""concept"": ""C0175""}",True,False,0.95,needs_domain_expert_review,True
OV2_000701,P000701,train,core,CORE_A_piping_plumbing_06,piping_plumbing,REQUEST_INSPECTION,Kiểm tra bơm tăng áp trước khi tiếp tục.,Check the booster pump before continuing.,core_standard,C0176,high,"{""concept"": ""C0176""}",True,False,0.95,needs_domain_expert_review,True
OV2_000702,P000702,train,core,CORE_B_piping_plumbing_06,piping_plumbing,ASK_STATUS,Bơm tăng áp đã được kiểm tra chưa?,Has the booster pump been checked?,core_standard,C0176,high,"{""concept"": ""C0176""}",True,False,0.95,needs_domain_expert_review,True
OV2_000703,P000703,dev,core,CORE_C_piping_plumbing_06,piping_plumbing,REPORT_PROBLEM,Có vấn đề với bơm tăng áp.,There is a problem with the booster pump.,core_standard,C0176,high,"{""concept"": ""C0176""}",True,False,0.95,needs_domain_expert_review,False
OV2_000704,P000704,test,core,CORE_D_piping_plumbing_06,piping_plumbing,REQUEST_INSPECTION,Kiểm tra lại bơm tăng áp sau khi xử lý.,Recheck the booster pump after corrective action.,core_standard,C0176,high,"{""concept"": ""C0176""}",True,False,0.95,needs_domain_expert_review,False
OV2_000705,P000705,train,core,CORE_A_piping_plumbing_07,piping_plumbing,REQUEST_INSPECTION,Kiểm tra bơm chìm trước khi tiếp tục.,Check the submersible pump before continuing.,core_standard,C0177,medium,"{""concept"": ""C0177""}",True,False,0.95,needs_domain_expert_review,True
OV2_000706,P000706,train,core,CORE_B_piping_plumbing_07,piping_plumbing,ASK_STATUS,Bơm chìm đã được kiểm tra chưa?,Has the submersible pump been checked?,core_standard,C0177,medium,"{""concept"": ""C0177""}",True,False,0.95,needs_domain_expert_review,True
OV2_000707,P000707,train,core,CORE_C_piping_plumbing_07,piping_plumbing,REPORT_PROBLEM,Có vấn đề với bơm chìm.,There is a problem with the submersible pump.,core_standard,C0177,medium,"{""concept"": ""C0177""}",True,False,0.95,needs_domain_expert_review,True
OV2_000708,P000708,train,core,CORE_D_piping_plumbing_07,piping_plumbing,REQUEST_INSPECTION,Kiểm tra lại bơm chìm sau khi xử lý.,Recheck the submersible pump after corrective action.,core_standard,C0177,medium,"{""concept"": ""C0177""}",True,False,0.95,needs_domain_expert_review,True
OV2_000709,P000709,train,core,CORE_A_piping_plumbing_08,piping_plumbing,REQUEST_INSPECTION,Kiểm tra giá đỡ ống trước khi tiếp tục.,Check the pipe support before continuing.,core_standard,C0178,high,"{""concept"": ""C0178""}",True,False,0.95,needs_domain_expert_review,True
OV2_000710,P000710,train,core,CORE_B_piping_plumbing_08,piping_plumbing,ASK_STATUS,Giá đỡ ống đã được kiểm tra chưa?,Has the pipe support been checked?,core_standard,C0178,high,"{""concept"": ""C0178""}",True,False,0.95,needs_domain_expert_review,True
OV2_000711,P000711,train,core,CORE_C_piping_plumbing_08,piping_plumbing,REPORT_PROBLEM,Có vấn đề với giá đỡ ống.,There is a problem with the pipe support.,core_standard,C0178,high,"{""concept"": ""C0178""}",True,False,0.95,needs_domain_expert_review,True
OV2_000712,P000712,train,core,CORE_D_piping_plumbing_08,piping_plumbing,REQUEST_INSPECTION,Kiểm tra lại giá đỡ ống sau khi xử lý.,Recheck the pipe support after corrective action.,core_standard,C0178,high,"{""concept"": ""C0178""}",True,False,0.95,needs_domain_expert_review,True
OV2_000713,P000713,test,core,CORE_A_piping_plumbing_09,piping_plumbing,REQUEST_INSPECTION,Kiểm tra độ dốc ống trước khi tiếp tục.,Check the pipe slope before continuing.,core_standard,C0179,high,"{""concept"": ""C0179""}",True,False,0.95,needs_domain_expert_review,False
OV2_000714,P000714,train,core,CORE_B_piping_plumbing_09,piping_plumbing,ASK_STATUS,Độ dốc ống đã được kiểm tra chưa?,Has the pipe slope been checked?,core_standard,C0179,high,"{""concept"": ""C0179""}",True,False,0.95,needs_domain_expert_review,True
OV2_000715,P000715,train,core,CORE_C_piping_plumbing_09,piping_plumbing,REPORT_PROBLEM,Có vấn đề với độ dốc ống.,There is a problem with the pipe slope.,core_standard,C0179,high,"{""concept"": ""C0179""}",True,False,0.95,needs_domain_expert_review,True
OV2_000716,P000716,train,core,CORE_D_piping_plumbing_09,piping_plumbing,REQUEST_INSPECTION,Kiểm tra lại độ dốc ống sau khi xử lý.,Recheck the pipe slope after corrective action.,core_standard,C0179,high,"{""concept"": ""C0179""}",True,False,0.95,needs_domain_expert_review,True
OV2_000717,P000717,train,core,CORE_A_piping_plumbing_10,piping_plumbing,REQUEST_INSPECTION,Kiểm tra thử áp trước khi tiếp tục.,Check the pressure test before continuing.,core_standard,C0180,critical,"{""concept"": ""C0180""}",True,False,0.95,needs_domain_expert_review,True
OV2_000718,P000718,train,core,CORE_B_piping_plumbing_10,piping_plumbing,ASK_STATUS,Thử áp đã được kiểm tra chưa?,Has the pressure test been checked?,core_standard,C0180,critical,"{""concept"": ""C0180""}",True,False,0.95,needs_domain_expert_review,True
OV2_000719,P000719,train,core,CORE_C_piping_plumbing_10,piping_plumbing,REPORT_PROBLEM,Có vấn đề với thử áp.,There is a problem with the pressure test.,core_standard,C0180,critical,"{""concept"": ""C0180""}",True,False,0.95,needs_domain_expert_review,True
OV2_000720,P000720,train,core,CORE_D_piping_plumbing_10,piping_plumbing,REQUEST_INSPECTION,Kiểm tra lại thử áp sau khi xử lý.,Recheck the pressure test after corrective action.,core_standard,C0180,critical,"{""concept"": ""C0180""}",True,False,0.95,needs_domain_expert_review,True
OV2_000721,P000721,train,core,CORE_A_material_logistics_11,material_logistics,REQUEST_INSPECTION,Kiểm tra xi măng trước khi tiếp tục.,Check the cement before continuing.,core_standard,C0181,medium,"{""concept"": ""C0181""}",True,False,0.95,needs_domain_expert_review,True
OV2_000722,P000722,train,core,CORE_B_material_logistics_11,material_logistics,ASK_STATUS,Xi măng đã được kiểm tra chưa?,Has the cement been checked?,core_standard,C0181,medium,"{""concept"": ""C0181""}",True,False,0.95,needs_domain_expert_review,True
OV2_000723,P000723,train,core,CORE_C_material_logistics_11,material_logistics,REPORT_PROBLEM,Có vấn đề với xi măng.,There is a problem with the cement.,core_standard,C0181,medium,"{""concept"": ""C0181""}",True,False,0.95,needs_domain_expert_review,True
OV2_000724,P000724,train,core,CORE_D_material_logistics_11,material_logistics,REQUEST_INSPECTION,Kiểm tra lại xi măng sau khi xử lý.,Recheck the cement after corrective action.,core_standard,C0181,medium,"{""concept"": ""C0181""}",True,False,0.95,needs_domain_expert_review,True
OV2_000725,P000725,train,core,CORE_A_material_logistics_12,material_logistics,REQUEST_INSPECTION,Kiểm tra cát trước khi tiếp tục.,Check the sand before continuing.,core_standard,C0182,low,"{""concept"": ""C0182""}",True,False,0.95,needs_domain_expert_review,True
OV2_000726,P000726,train,core,CORE_B_material_logistics_12,material_logistics,ASK_STATUS,Cát đã được kiểm tra chưa?,Has the sand been checked?,core_standard,C0182,low,"{""concept"": ""C0182""}",True,False,0.95,needs_domain_expert_review,True
OV2_000727,P000727,train,core,CORE_C_material_logistics_12,material_logistics,REPORT_PROBLEM,Có vấn đề với cát.,There is a problem with the sand.,core_standard,C0182,low,"{""concept"": ""C0182""}",True,False,0.95,needs_domain_expert_review,True
OV2_000728,P000728,test,core,CORE_D_material_logistics_12,material_logistics,REQUEST_INSPECTION,Kiểm tra lại cát sau khi xử lý.,Recheck the sand after corrective action.,core_standard,C0182,low,"{""concept"": ""C0182""}",True,False,0.95,needs_domain_expert_review,False
OV2_000729,P000729,test,core,CORE_A_material_logistics_13,material_logistics,REQUEST_INSPECTION,Kiểm tra đá dăm trước khi tiếp tục.,Check the crushed stone before continuing.,core_standard,C0183,low,"{""concept"": ""C0183""}",True,False,0.95,needs_domain_expert_review,False
OV2_000730,P000730,train,core,CORE_B_material_logistics_13,material_logistics,ASK_STATUS,Đá dăm đã được kiểm tra chưa?,Has the crushed stone been checked?,core_standard,C0183,low,"{""concept"": ""C0183""}",True,False,0.95,needs_domain_expert_review,True
OV2_000731,P000731,train,core,CORE_C_material_logistics_13,material_logistics,REPORT_PROBLEM,Có vấn đề với đá dăm.,There is a problem with the crushed stone.,core_standard,C0183,low,"{""concept"": ""C0183""}",True,False,0.95,needs_domain_expert_review,True
OV2_000732,P000732,train,core,CORE_D_material_logistics_13,material_logistics,REQUEST_INSPECTION,Kiểm tra lại đá dăm sau khi xử lý.,Recheck the crushed stone after corrective action.,core_standard,C0183,low,"{""concept"": ""C0183""}",True,False,0.95,needs_domain_expert_review,True
OV2_000733,P000733,train,core,CORE_A_material_logistics_14,material_logistics,REQUEST_INSPECTION,Kiểm tra gạch trước khi tiếp tục.,Check the brick before continuing.,core_standard,C0184,low,"{""concept"": ""C0184""}",True,False,0.95,needs_domain_expert_review,True
OV2_000734,P000734,train,core,CORE_B_material_logistics_14,material_logistics,ASK_STATUS,Gạch đã được kiểm tra chưa?,Has the brick been checked?,core_standard,C0184,low,"{""concept"": ""C0184""}",True,False,0.95,needs_domain_expert_review,True
OV2_000735,P000735,train,core,CORE_C_material_logistics_14,material_logistics,REPORT_PROBLEM,Có vấn đề với gạch.,There is a problem with the brick.,core_standard,C0184,low,"{""concept"": ""C0184""}",True,False,0.95,needs_domain_expert_review,True
OV2_000736,P000736,train,core,CORE_D_material_logistics_14,material_logistics,REQUEST_INSPECTION,Kiểm tra lại gạch sau khi xử lý.,Recheck the brick after corrective action.,core_standard,C0184,low,"{""concept"": ""C0184""}",True,False,0.95,needs_domain_expert_review,True
OV2_000737,P000737,train,core,CORE_A_material_logistics_15,material_logistics,REQUEST_INSPECTION,Kiểm tra ván ép trước khi tiếp tục.,Check the plywood before continuing.,core_standard,C0185,medium,"{""concept"": ""C0185""}",True,False,0.95,needs_domain_expert_review,True
OV2_000738,P000738,train,core,CORE_B_material_logistics_15,material_logistics,ASK_STATUS,Ván ép đã được kiểm tra chưa?,Has the plywood been checked?,core_standard,C0185,medium,"{""concept"": ""C0185""}",True,False,0.95,needs_domain_expert_review,True
OV2_000739,P000739,train,core,CORE_C_material_logistics_15,material_logistics,REPORT_PROBLEM,Có vấn đề với ván ép.,There is a problem with the plywood.,core_standard,C0185,medium,"{""concept"": ""C0185""}",True,False,0.95,needs_domain_expert_review,True
OV2_000740,P000740,train,core,CORE_D_material_logistics_15,material_logistics,REQUEST_INSPECTION,Kiểm tra lại ván ép sau khi xử lý.,Recheck the plywood after corrective action.,core_standard,C0185,medium,"{""concept"": ""C0185""}",True,False,0.95,needs_domain_expert_review,True
OV2_000741,P000741,train,core,CORE_A_material_logistics_16,material_logistics,REQUEST_INSPECTION,Kiểm tra thép hình trước khi tiếp tục.,Check the structural steel before continuing.,core_standard,C0186,high,"{""concept"": ""C0186""}",True,False,0.95,needs_domain_expert_review,True
OV2_000742,P000742,train,core,CORE_B_material_logistics_16,material_logistics,ASK_STATUS,Thép hình đã được kiểm tra chưa?,Has the structural steel been checked?,core_standard,C0186,high,"{""concept"": ""C0186""}",True,False,0.95,needs_domain_expert_review,True
OV2_000743,P000743,train,core,CORE_C_material_logistics_16,material_logistics,REPORT_PROBLEM,Có vấn đề với thép hình.,There is a problem with the structural steel.,core_standard,C0186,high,"{""concept"": ""C0186""}",True,False,0.95,needs_domain_expert_review,True
OV2_000744,P000744,train,core,CORE_D_material_logistics_16,material_logistics,REQUEST_INSPECTION,Kiểm tra lại thép hình sau khi xử lý.,Recheck the structural steel after corrective action.,core_standard,C0186,high,"{""concept"": ""C0186""}",True,False,0.95,needs_domain_expert_review,True
OV2_000745,P000745,train,core,CORE_A_material_logistics_00,material_logistics,REQUEST_INSPECTION,Kiểm tra pallet trước khi tiếp tục.,Check the pallet before continuing.,core_standard,C0187,medium,"{""concept"": ""C0187""}",True,False,0.95,needs_domain_expert_review,True
OV2_000746,P000746,train,core,CORE_B_material_logistics_00,material_logistics,ASK_STATUS,Pallet đã được kiểm tra chưa?,Has the pallet been checked?,core_standard,C0187,medium,"{""concept"": ""C0187""}",True,False,0.95,needs_domain_expert_review,True
OV2_000747,P000747,train,core,CORE_C_material_logistics_00,material_logistics,REPORT_PROBLEM,Có vấn đề với pallet.,There is a problem with the pallet.,core_standard,C0187,medium,"{""concept"": ""C0187""}",True,False,0.95,needs_domain_expert_review,True
OV2_000748,P000748,train,core,CORE_D_material_logistics_00,material_logistics,REQUEST_INSPECTION,Kiểm tra lại pallet sau khi xử lý.,Recheck the pallet after corrective action.,core_standard,C0187,medium,"{""concept"": ""C0187""}",True,False,0.95,needs_domain_expert_review,True
OV2_000749,P000749,train,core,CORE_A_material_logistics_01,material_logistics,REQUEST_INSPECTION,Kiểm tra kho vật tư trước khi tiếp tục.,Check the material storage area before continuing.,core_standard,C0188,medium,"{""concept"": ""C0188""}",True,False,0.95,needs_domain_expert_review,True
OV2_000750,P000750,test,core,CORE_B_material_logistics_01,material_logistics,ASK_STATUS,Kho vật tư đã được kiểm tra chưa?,Has the material storage area been checked?,core_standard,C0188,medium,"{""concept"": ""C0188""}",True,False,0.95,needs_domain_expert_review,False
OV2_000751,P000751,dev,core,CORE_C_material_logistics_01,material_logistics,REPORT_PROBLEM,Có vấn đề với kho vật tư.,There is a problem with the material storage area.,core_standard,C0188,medium,"{""concept"": ""C0188""}",True,False,0.95,needs_domain_expert_review,False
OV2_000752,P000752,train,core,CORE_D_material_logistics_01,material_logistics,REQUEST_INSPECTION,Kiểm tra lại kho vật tư sau khi xử lý.,Recheck the material storage area after corrective action.,core_standard,C0188,medium,"{""concept"": ""C0188""}",True,False,0.95,needs_domain_expert_review,True
OV2_000753,P000753,train,core,CORE_A_material_logistics_02,material_logistics,REQUEST_INSPECTION,Kiểm tra bãi tập kết trước khi tiếp tục.,Check the laydown area before continuing.,core_standard,C0189,medium,"{""concept"": ""C0189""}",True,False,0.95,needs_domain_expert_review,True
OV2_000754,P000754,train,core,CORE_B_material_logistics_02,material_logistics,ASK_STATUS,Bãi tập kết đã được kiểm tra chưa?,Has the laydown area been checked?,core_standard,C0189,medium,"{""concept"": ""C0189""}",True,False,0.95,needs_domain_expert_review,True
OV2_000755,P000755,test,core,CORE_C_material_logistics_02,material_logistics,REPORT_PROBLEM,Có vấn đề với bãi tập kết.,There is a problem with the laydown area.,core_standard,C0189,medium,"{""concept"": ""C0189""}",True,False,0.95,needs_domain_expert_review,False
OV2_000756,P000756,train,core,CORE_D_material_logistics_02,material_logistics,REQUEST_INSPECTION,Kiểm tra lại bãi tập kết sau khi xử lý.,Recheck the laydown area after corrective action.,core_standard,C0189,medium,"{""concept"": ""C0189""}",True,False,0.95,needs_domain_expert_review,True
OV2_000757,P000757,train,core,CORE_A_material_logistics_03,material_logistics,REQUEST_INSPECTION,Kiểm tra lối đi bộ trước khi tiếp tục.,Check the pedestrian walkway before continuing.,core_standard,C0190,high,"{""concept"": ""C0190""}",True,False,0.95,needs_domain_expert_review,True
OV2_000758,P000758,train,core,CORE_B_material_logistics_03,material_logistics,ASK_STATUS,Lối đi bộ đã được kiểm tra chưa?,Has the pedestrian walkway been checked?,core_standard,C0190,high,"{""concept"": ""C0190""}",True,False,0.95,needs_domain_expert_review,True
OV2_000759,P000759,test,core,CORE_C_material_logistics_03,material_logistics,REPORT_PROBLEM,Có vấn đề với lối đi bộ.,There is a problem with the pedestrian walkway.,core_standard,C0190,high,"{""concept"": ""C0190""}",True,False,0.95,needs_domain_expert_review,False
OV2_000760,P000760,train,core,CORE_D_material_logistics_03,material_logistics,REQUEST_INSPECTION,Kiểm tra lại lối đi bộ sau khi xử lý.,Recheck the pedestrian walkway after corrective action.,core_standard,C0190,high,"{""concept"": ""C0190""}",True,False,0.95,needs_domain_expert_review,True
OV2_000761,P000761,train,core,CORE_A_material_logistics_04,material_logistics,REQUEST_INSPECTION,Kiểm tra lối xe chạy trước khi tiếp tục.,Check the vehicle route before continuing.,core_standard,C0191,high,"{""concept"": ""C0191""}",True,False,0.95,needs_domain_expert_review,True
OV2_000762,P000762,train,core,CORE_B_material_logistics_04,material_logistics,ASK_STATUS,Lối xe chạy đã được kiểm tra chưa?,Has the vehicle route been checked?,core_standard,C0191,high,"{""concept"": ""C0191""}",True,False,0.95,needs_domain_expert_review,True
OV2_000763,P000763,dev,core,CORE_C_material_logistics_04,material_logistics,REPORT_PROBLEM,Có vấn đề với lối xe chạy.,There is a problem with the vehicle route.,core_standard,C0191,high,"{""concept"": ""C0191""}",True,False,0.95,needs_domain_expert_review,False
OV2_000764,P000764,train,core,CORE_D_material_logistics_04,material_logistics,REQUEST_INSPECTION,Kiểm tra lại lối xe chạy sau khi xử lý.,Recheck the vehicle route after corrective action.,core_standard,C0191,high,"{""concept"": ""C0191""}",True,False,0.95,needs_domain_expert_review,True
OV2_000765,P000765,train,core,CORE_A_material_logistics_05,material_logistics,REQUEST_INSPECTION,Kiểm tra container kho trước khi tiếp tục.,Check the storage container before continuing.,core_standard,C0192,medium,"{""concept"": ""C0192""}",True,False,0.95,needs_domain_expert_review,True
OV2_000766,P000766,train,core,CORE_B_material_logistics_05,material_logistics,ASK_STATUS,Container kho đã được kiểm tra chưa?,Has the storage container been checked?,core_standard,C0192,medium,"{""concept"": ""C0192""}",True,False,0.95,needs_domain_expert_review,True
OV2_000767,P000767,train,core,CORE_C_material_logistics_05,material_logistics,REPORT_PROBLEM,Có vấn đề với container kho.,There is a problem with the storage container.,core_standard,C0192,medium,"{""concept"": ""C0192""}",True,False,0.95,needs_domain_expert_review,True
OV2_000768,P000768,train,core,CORE_D_material_logistics_05,material_logistics,REQUEST_INSPECTION,Kiểm tra lại container kho sau khi xử lý.,Recheck the storage container after corrective action.,core_standard,C0192,medium,"{""concept"": ""C0192""}",True,False,0.95,needs_domain_expert_review,True
OV2_000769,P000769,train,core,CORE_A_material_logistics_06,material_logistics,REQUEST_INSPECTION,Kiểm tra phiếu xuất kho trước khi tiếp tục.,Check the material issue slip before continuing.,core_standard,C0193,low,"{""concept"": ""C0193""}",True,False,0.95,needs_domain_expert_review,True
OV2_000770,P000770,train,core,CORE_B_material_logistics_06,material_logistics,ASK_STATUS,Phiếu xuất kho đã được kiểm tra chưa?,Has the material issue slip been checked?,core_standard,C0193,low,"{""concept"": ""C0193""}",True,False,0.95,needs_domain_expert_review,True
OV2_000771,P000771,train,core,CORE_C_material_logistics_06,material_logistics,REPORT_PROBLEM,Có vấn đề với phiếu xuất kho.,There is a problem with the material issue slip.,core_standard,C0193,low,"{""concept"": ""C0193""}",True,False,0.95,needs_domain_expert_review,True
OV2_000772,P000772,dev,core,CORE_D_material_logistics_06,material_logistics,REQUEST_INSPECTION,Kiểm tra lại phiếu xuất kho sau khi xử lý.,Recheck the material issue slip after corrective action.,core_standard,C0193,low,"{""concept"": ""C0193""}",True,False,0.95,needs_domain_expert_review,False
OV2_000773,P000773,train,core,CORE_A_material_logistics_07,material_logistics,REQUEST_INSPECTION,Kiểm tra mã vật tư trước khi tiếp tục.,Check the material code before continuing.,core_standard,C0194,medium,"{""concept"": ""C0194""}",True,False,0.95,needs_domain_expert_review,True
OV2_000774,P000774,train,core,CORE_B_material_logistics_07,material_logistics,ASK_STATUS,Mã vật tư đã được kiểm tra chưa?,Has the material code been checked?,core_standard,C0194,medium,"{""concept"": ""C0194""}",True,False,0.95,needs_domain_expert_review,True
OV2_000775,P000775,dev,core,CORE_C_material_logistics_07,material_logistics,REPORT_PROBLEM,Có vấn đề với mã vật tư.,There is a problem with the material code.,core_standard,C0194,medium,"{""concept"": ""C0194""}",True,False,0.95,needs_domain_expert_review,False
OV2_000776,P000776,train,core,CORE_D_material_logistics_07,material_logistics,REQUEST_INSPECTION,Kiểm tra lại mã vật tư sau khi xử lý.,Recheck the material code after corrective action.,core_standard,C0194,medium,"{""concept"": ""C0194""}",True,False,0.95,needs_domain_expert_review,True
OV2_000777,P000777,test,core,CORE_A_material_logistics_08,material_logistics,REQUEST_INSPECTION,Kiểm tra số lượng trước khi tiếp tục.,Check the quantity before continuing.,core_standard,C0195,medium,"{""concept"": ""C0195""}",True,False,0.95,needs_domain_expert_review,False
OV2_000778,P000778,dev,core,CORE_B_material_logistics_08,material_logistics,ASK_STATUS,Số lượng đã được kiểm tra chưa?,Has the quantity been checked?,core_standard,C0195,medium,"{""concept"": ""C0195""}",True,False,0.95,needs_domain_expert_review,False
OV2_000779,P000779,train,core,CORE_C_material_logistics_08,material_logistics,REPORT_PROBLEM,Có vấn đề với số lượng.,There is a problem with the quantity.,core_standard,C0195,medium,"{""concept"": ""C0195""}",True,False,0.95,needs_domain_expert_review,True
OV2_000780,P000780,train,core,CORE_D_material_logistics_08,material_logistics,REQUEST_INSPECTION,Kiểm tra lại số lượng sau khi xử lý.,Recheck the quantity after corrective action.,core_standard,C0195,medium,"{""concept"": ""C0195""}",True,False,0.95,needs_domain_expert_review,True
OV2_000781,P000781,train,core,CORE_A_material_logistics_09,material_logistics,REQUEST_INSPECTION,Kiểm tra khối lượng trước khi tiếp tục.,Check the weight before continuing.,core_standard,C0196,high,"{""concept"": ""C0196""}",True,False,0.95,needs_domain_expert_review,True
OV2_000782,P000782,test,core,CORE_B_material_logistics_09,material_logistics,ASK_STATUS,Khối lượng đã được kiểm tra chưa?,Has the weight been checked?,core_standard,C0196,high,"{""concept"": ""C0196""}",True,False,0.95,needs_domain_expert_review,False
OV2_000783,P000783,train,core,CORE_C_material_logistics_09,material_logistics,REPORT_PROBLEM,Có vấn đề với khối lượng.,There is a problem with the weight.,core_standard,C0196,high,"{""concept"": ""C0196""}",True,False,0.95,needs_domain_expert_review,True
OV2_000784,P000784,train,core,CORE_D_material_logistics_09,material_logistics,REQUEST_INSPECTION,Kiểm tra lại khối lượng sau khi xử lý.,Recheck the weight after corrective action.,core_standard,C0196,high,"{""concept"": ""C0196""}",True,False,0.95,needs_domain_expert_review,True
OV2_000785,P000785,train,core,CORE_A_material_logistics_10,material_logistics,REQUEST_INSPECTION,Kiểm tra kiện hàng trước khi tiếp tục.,Check the package before continuing.,core_standard,C0197,medium,"{""concept"": ""C0197""}",True,False,0.95,needs_domain_expert_review,True
OV2_000786,P000786,train,core,CORE_B_material_logistics_10,material_logistics,ASK_STATUS,Kiện hàng đã được kiểm tra chưa?,Has the package been checked?,core_standard,C0197,medium,"{""concept"": ""C0197""}",True,False,0.95,needs_domain_expert_review,True
OV2_000787,P000787,train,core,CORE_C_material_logistics_10,material_logistics,REPORT_PROBLEM,Có vấn đề với kiện hàng.,There is a problem with the package.,core_standard,C0197,medium,"{""concept"": ""C0197""}",True,False,0.95,needs_domain_expert_review,True
OV2_000788,P000788,dev,core,CORE_D_material_logistics_10,material_logistics,REQUEST_INSPECTION,Kiểm tra lại kiện hàng sau khi xử lý.,Recheck the package after corrective action.,core_standard,C0197,medium,"{""concept"": ""C0197""}",True,False,0.95,needs_domain_expert_review,False
OV2_000789,P000789,train,core,CORE_A_material_logistics_11,material_logistics,REQUEST_INSPECTION,Kiểm tra dây chằng hàng trước khi tiếp tục.,Check the cargo tie-down before continuing.,core_standard,C0198,high,"{""concept"": ""C0198""}",True,False,0.95,needs_domain_expert_review,True
OV2_000790,P000790,train,core,CORE_B_material_logistics_11,material_logistics,ASK_STATUS,Dây chằng hàng đã được kiểm tra chưa?,Has the cargo tie-down been checked?,core_standard,C0198,high,"{""concept"": ""C0198""}",True,False,0.95,needs_domain_expert_review,True
OV2_000791,P000791,train,core,CORE_C_material_logistics_11,material_logistics,REPORT_PROBLEM,Có vấn đề với dây chằng hàng.,There is a problem with the cargo tie-down.,core_standard,C0198,high,"{""concept"": ""C0198""}",True,False,0.95,needs_domain_expert_review,True
OV2_000792,P000792,train,core,CORE_D_material_logistics_11,material_logistics,REQUEST_INSPECTION,Kiểm tra lại dây chằng hàng sau khi xử lý.,Recheck the cargo tie-down after corrective action.,core_standard,C0198,high,"{""concept"": ""C0198""}",True,False,0.95,needs_domain_expert_review,True
OV2_000793,P000793,dev,core,CORE_A_survey_measurement_12,survey_measurement,REQUEST_INSPECTION,Kiểm tra cao độ trước khi tiếp tục.,Check the elevation before continuing.,core_standard,C0199,high,"{""concept"": ""C0199""}",True,False,0.95,needs_domain_expert_review,False
OV2_000794,P000794,train,core,CORE_B_survey_measurement_12,survey_measurement,ASK_STATUS,Cao độ đã được kiểm tra chưa?,Has the elevation been checked?,core_standard,C0199,high,"{""concept"": ""C0199""}",True,False,0.95,needs_domain_expert_review,True
OV2_000795,P000795,train,core,CORE_C_survey_measurement_12,survey_measurement,REPORT_PROBLEM,Có vấn đề với cao độ.,There is a problem with the elevation.,core_standard,C0199,high,"{""concept"": ""C0199""}",True,False,0.95,needs_domain_expert_review,True
OV2_000796,P000796,train,core,CORE_D_survey_measurement_12,survey_measurement,REQUEST_INSPECTION,Kiểm tra lại cao độ sau khi xử lý.,Recheck the elevation after corrective action.,core_standard,C0199,high,"{""concept"": ""C0199""}",True,False,0.95,needs_domain_expert_review,True
OV2_000797,P000797,train,core,CORE_A_survey_measurement_13,survey_measurement,REQUEST_INSPECTION,Kiểm tra tim trục trước khi tiếp tục.,Check the grid line before continuing.,core_standard,C0200,high,"{""concept"": ""C0200""}",True,False,0.95,needs_domain_expert_review,True
OV2_000798,P000798,dev,core,CORE_B_survey_measurement_13,survey_measurement,ASK_STATUS,Tim trục đã được kiểm tra chưa?,Has the grid line been checked?,core_standard,C0200,high,"{""concept"": ""C0200""}",True,False,0.95,needs_domain_expert_review,False
OV2_000799,P000799,train,core,CORE_C_survey_measurement_13,survey_measurement,REPORT_PROBLEM,Có vấn đề với tim trục.,There is a problem with the grid line.,core_standard,C0200,high,"{""concept"": ""C0200""}",True,False,0.95,needs_domain_expert_review,True
OV2_000800,P000800,train,core,CORE_D_survey_measurement_13,survey_measurement,REQUEST_INSPECTION,Kiểm tra lại tim trục sau khi xử lý.,Recheck the grid line after corrective action.,core_standard,C0200,high,"{""concept"": ""C0200""}",True,False,0.95,needs_domain_expert_review,True
OV2_000801,P000801,train,core,CORE_A_survey_measurement_14,survey_measurement,REQUEST_INSPECTION,Kiểm tra mốc chuẩn trước khi tiếp tục.,Check the benchmark before continuing.,core_standard,C0201,high,"{""concept"": ""C0201""}",True,False,0.95,needs_domain_expert_review,True
OV2_000802,P000802,train,core,CORE_B_survey_measurement_14,survey_measurement,ASK_STATUS,Mốc chuẩn đã được kiểm tra chưa?,Has the benchmark been checked?,core_standard,C0201,high,"{""concept"": ""C0201""}",True,False,0.95,needs_domain_expert_review,True
OV2_000803,P000803,train,core,CORE_C_survey_measurement_14,survey_measurement,REPORT_PROBLEM,Có vấn đề với mốc chuẩn.,There is a problem with the benchmark.,core_standard,C0201,high,"{""concept"": ""C0201""}",True,False,0.95,needs_domain_expert_review,True
OV2_000804,P000804,train,core,CORE_D_survey_measurement_14,survey_measurement,REQUEST_INSPECTION,Kiểm tra lại mốc chuẩn sau khi xử lý.,Recheck the benchmark after corrective action.,core_standard,C0201,high,"{""concept"": ""C0201""}",True,False,0.95,needs_domain_expert_review,True
OV2_000805,P000805,train,core,CORE_A_survey_measurement_15,survey_measurement,REQUEST_INSPECTION,Kiểm tra máy toàn đạc trước khi tiếp tục.,Check the total station before continuing.,core_standard,C0202,medium,"{""concept"": ""C0202""}",True,False,0.95,needs_domain_expert_review,True
OV2_000806,P000806,train,core,CORE_B_survey_measurement_15,survey_measurement,ASK_STATUS,Máy toàn đạc đã được kiểm tra chưa?,Has the total station been checked?,core_standard,C0202,medium,"{""concept"": ""C0202""}",True,False,0.95,needs_domain_expert_review,True
OV2_000807,P000807,train,core,CORE_C_survey_measurement_15,survey_measurement,REPORT_PROBLEM,Có vấn đề với máy toàn đạc.,There is a problem with the total station.,core_standard,C0202,medium,"{""concept"": ""C0202""}",True,False,0.95,needs_domain_expert_review,True
OV2_000808,P000808,train,core,CORE_D_survey_measurement_15,survey_measurement,REQUEST_INSPECTION,Kiểm tra lại máy toàn đạc sau khi xử lý.,Recheck the total station after corrective action.,core_standard,C0202,medium,"{""concept"": ""C0202""}",True,False,0.95,needs_domain_expert_review,True
OV2_000809,P000809,train,core,CORE_A_survey_measurement_16,survey_measurement,REQUEST_INSPECTION,Kiểm tra máy thủy bình trước khi tiếp tục.,Check the automatic level before continuing.,core_standard,C0203,medium,"{""concept"": ""C0203""}",True,False,0.95,needs_domain_expert_review,True
OV2_000810,P000810,train,core,CORE_B_survey_measurement_16,survey_measurement,ASK_STATUS,Máy thủy bình đã được kiểm tra chưa?,Has the automatic level been checked?,core_standard,C0203,medium,"{""concept"": ""C0203""}",True,False,0.95,needs_domain_expert_review,True
OV2_000811,P000811,train,core,CORE_C_survey_measurement_16,survey_measurement,REPORT_PROBLEM,Có vấn đề với máy thủy bình.,There is a problem with the automatic level.,core_standard,C0203,medium,"{""concept"": ""C0203""}",True,False,0.95,needs_domain_expert_review,True
OV2_000812,P000812,train,core,CORE_D_survey_measurement_16,survey_measurement,REQUEST_INSPECTION,Kiểm tra lại máy thủy bình sau khi xử lý.,Recheck the automatic level after corrective action.,core_standard,C0203,medium,"{""concept"": ""C0203""}",True,False,0.95,needs_domain_expert_review,True
OV2_000813,P000813,train,core,CORE_A_survey_measurement_00,survey_measurement,REQUEST_INSPECTION,Kiểm tra mia thủy chuẩn trước khi tiếp tục.,Check the leveling staff before continuing.,core_standard,C0204,low,"{""concept"": ""C0204""}",True,False,0.95,needs_domain_expert_review,True
OV2_000814,P000814,train,core,CORE_B_survey_measurement_00,survey_measurement,ASK_STATUS,Mia thủy chuẩn đã được kiểm tra chưa?,Has the leveling staff been checked?,core_standard,C0204,low,"{""concept"": ""C0204""}",True,False,0.95,needs_domain_expert_review,True
OV2_000815,P000815,train,core,CORE_C_survey_measurement_00,survey_measurement,REPORT_PROBLEM,Có vấn đề với mia thủy chuẩn.,There is a problem with the leveling staff.,core_standard,C0204,low,"{""concept"": ""C0204""}",True,False,0.95,needs_domain_expert_review,True
OV2_000816,P000816,train,core,CORE_D_survey_measurement_00,survey_measurement,REQUEST_INSPECTION,Kiểm tra lại mia thủy chuẩn sau khi xử lý.,Recheck the leveling staff after corrective action.,core_standard,C0204,low,"{""concept"": ""C0204""}",True,False,0.95,needs_domain_expert_review,True
OV2_000817,P000817,train,core,CORE_A_survey_measurement_01,survey_measurement,REQUEST_INSPECTION,Kiểm tra thước thép trước khi tiếp tục.,Check the steel tape measure before continuing.,core_standard,C0205,low,"{""concept"": ""C0205""}",True,False,0.95,needs_domain_expert_review,True
OV2_000818,P000818,train,core,CORE_B_survey_measurement_01,survey_measurement,ASK_STATUS,Thước thép đã được kiểm tra chưa?,Has the steel tape measure been checked?,core_standard,C0205,low,"{""concept"": ""C0205""}",True,False,0.95,needs_domain_expert_review,True
OV2_000819,P000819,train,core,CORE_C_survey_measurement_01,survey_measurement,REPORT_PROBLEM,Có vấn đề với thước thép.,There is a problem with the steel tape measure.,core_standard,C0205,low,"{""concept"": ""C0205""}",True,False,0.95,needs_domain_expert_review,True
OV2_000820,P000820,dev,core,CORE_D_survey_measurement_01,survey_measurement,REQUEST_INSPECTION,Kiểm tra lại thước thép sau khi xử lý.,Recheck the steel tape measure after corrective action.,core_standard,C0205,low,"{""concept"": ""C0205""}",True,False,0.95,needs_domain_expert_review,False
OV2_000821,P000821,test,core,CORE_A_survey_measurement_02,survey_measurement,REQUEST_INSPECTION,Kiểm tra thước laser trước khi tiếp tục.,Check the laser distance meter before continuing.,core_standard,C0206,medium,"{""concept"": ""C0206""}",True,False,0.95,needs_domain_expert_review,False
OV2_000822,P000822,train,core,CORE_B_survey_measurement_02,survey_measurement,ASK_STATUS,Thước laser đã được kiểm tra chưa?,Has the laser distance meter been checked?,core_standard,C0206,medium,"{""concept"": ""C0206""}",True,False,0.95,needs_domain_expert_review,True
OV2_000823,P000823,dev,core,CORE_C_survey_measurement_02,survey_measurement,REPORT_PROBLEM,Có vấn đề với thước laser.,There is a problem with the laser distance meter.,core_standard,C0206,medium,"{""concept"": ""C0206""}",True,False,0.95,needs_domain_expert_review,False
OV2_000824,P000824,train,core,CORE_D_survey_measurement_02,survey_measurement,REQUEST_INSPECTION,Kiểm tra lại thước laser sau khi xử lý.,Recheck the laser distance meter after corrective action.,core_standard,C0206,medium,"{""concept"": ""C0206""}",True,False,0.95,needs_domain_expert_review,True
OV2_000825,P000825,dev,core,CORE_A_survey_measurement_03,survey_measurement,REQUEST_INSPECTION,Kiểm tra độ thẳng đứng trước khi tiếp tục.,Check the verticality before continuing.,core_standard,C0207,high,"{""concept"": ""C0207""}",True,False,0.95,needs_domain_expert_review,False
OV2_000826,P000826,train,core,CORE_B_survey_measurement_03,survey_measurement,ASK_STATUS,Độ thẳng đứng đã được kiểm tra chưa?,Has the verticality been checked?,core_standard,C0207,high,"{""concept"": ""C0207""}",True,False,0.95,needs_domain_expert_review,True
OV2_000827,P000827,train,core,CORE_C_survey_measurement_03,survey_measurement,REPORT_PROBLEM,Có vấn đề với độ thẳng đứng.,There is a problem with the verticality.,core_standard,C0207,high,"{""concept"": ""C0207""}",True,False,0.95,needs_domain_expert_review,True
OV2_000828,P000828,train,core,CORE_D_survey_measurement_03,survey_measurement,REQUEST_INSPECTION,Kiểm tra lại độ thẳng đứng sau khi xử lý.,Recheck the verticality after corrective action.,core_standard,C0207,high,"{""concept"": ""C0207""}",True,False,0.95,needs_domain_expert_review,True
OV2_000829,P000829,train,core,CORE_A_survey_measurement_04,survey_measurement,REQUEST_INSPECTION,Kiểm tra độ phẳng trước khi tiếp tục.,Check the flatness before continuing.,core_standard,C0208,medium,"{""concept"": ""C0208""}",True,False,0.95,needs_domain_expert_review,True
OV2_000830,P000830,train,core,CORE_B_survey_measurement_04,survey_measurement,ASK_STATUS,Độ phẳng đã được kiểm tra chưa?,Has the flatness been checked?,core_standard,C0208,medium,"{""concept"": ""C0208""}",True,False,0.95,needs_domain_expert_review,True
OV2_000831,P000831,train,core,CORE_C_survey_measurement_04,survey_measurement,REPORT_PROBLEM,Có vấn đề với độ phẳng.,There is a problem with the flatness.,core_standard,C0208,medium,"{""concept"": ""C0208""}",True,False,0.95,needs_domain_expert_review,True
OV2_000832,P000832,test,core,CORE_D_survey_measurement_04,survey_measurement,REQUEST_INSPECTION,Kiểm tra lại độ phẳng sau khi xử lý.,Recheck the flatness after corrective action.,core_standard,C0208,medium,"{""concept"": ""C0208""}",True,False,0.95,needs_domain_expert_review,False
OV2_000833,P000833,train,core,CORE_A_survey_measurement_05,survey_measurement,REQUEST_INSPECTION,Kiểm tra khoảng cách trước khi tiếp tục.,Check the distance before continuing.,core_standard,C0209,medium,"{""concept"": ""C0209""}",True,False,0.95,needs_domain_expert_review,True
OV2_000834,P000834,train,core,CORE_B_survey_measurement_05,survey_measurement,ASK_STATUS,Khoảng cách đã được kiểm tra chưa?,Has the distance been checked?,core_standard,C0209,medium,"{""concept"": ""C0209""}",True,False,0.95,needs_domain_expert_review,True
OV2_000835,P000835,train,core,CORE_C_survey_measurement_05,survey_measurement,REPORT_PROBLEM,Có vấn đề với khoảng cách.,There is a problem with the distance.,core_standard,C0209,medium,"{""concept"": ""C0209""}",True,False,0.95,needs_domain_expert_review,True
OV2_000836,P000836,test,core,CORE_D_survey_measurement_05,survey_measurement,REQUEST_INSPECTION,Kiểm tra lại khoảng cách sau khi xử lý.,Recheck the distance after corrective action.,core_standard,C0209,medium,"{""concept"": ""C0209""}",True,False,0.95,needs_domain_expert_review,False
OV2_000837,P000837,train,core,CORE_A_survey_measurement_06,survey_measurement,REQUEST_INSPECTION,Kiểm tra chiều dài trước khi tiếp tục.,Check the length before continuing.,core_standard,C0210,medium,"{""concept"": ""C0210""}",True,False,0.95,needs_domain_expert_review,True
OV2_000838,P000838,test,core,CORE_B_survey_measurement_06,survey_measurement,ASK_STATUS,Chiều dài đã được kiểm tra chưa?,Has the length been checked?,core_standard,C0210,medium,"{""concept"": ""C0210""}",True,False,0.95,needs_domain_expert_review,False
OV2_000839,P000839,train,core,CORE_C_survey_measurement_06,survey_measurement,REPORT_PROBLEM,Có vấn đề với chiều dài.,There is a problem with the length.,core_standard,C0210,medium,"{""concept"": ""C0210""}",True,False,0.95,needs_domain_expert_review,True
OV2_000840,P000840,train,core,CORE_D_survey_measurement_06,survey_measurement,REQUEST_INSPECTION,Kiểm tra lại chiều dài sau khi xử lý.,Recheck the length after corrective action.,core_standard,C0210,medium,"{""concept"": ""C0210""}",True,False,0.95,needs_domain_expert_review,True
OV2_000841,P000841,train,core,CORE_A_survey_measurement_07,survey_measurement,REQUEST_INSPECTION,Kiểm tra chiều rộng trước khi tiếp tục.,Check the width before continuing.,core_standard,C0211,medium,"{""concept"": ""C0211""}",True,False,0.95,needs_domain_expert_review,True
OV2_000842,P000842,train,core,CORE_B_survey_measurement_07,survey_measurement,ASK_STATUS,Chiều rộng đã được kiểm tra chưa?,Has the width been checked?,core_standard,C0211,medium,"{""concept"": ""C0211""}",True,False,0.95,needs_domain_expert_review,True
OV2_000843,P000843,train,core,CORE_C_survey_measurement_07,survey_measurement,REPORT_PROBLEM,Có vấn đề với chiều rộng.,There is a problem with the width.,core_standard,C0211,medium,"{""concept"": ""C0211""}",True,False,0.95,needs_domain_expert_review,True
OV2_000844,P000844,test,core,CORE_D_survey_measurement_07,survey_measurement,REQUEST_INSPECTION,Kiểm tra lại chiều rộng sau khi xử lý.,Recheck the width after corrective action.,core_standard,C0211,medium,"{""concept"": ""C0211""}",True,False,0.95,needs_domain_expert_review,False
OV2_000845,P000845,train,core,CORE_A_survey_measurement_08,survey_measurement,REQUEST_INSPECTION,Kiểm tra chiều cao trước khi tiếp tục.,Check the height before continuing.,core_standard,C0212,medium,"{""concept"": ""C0212""}",True,False,0.95,needs_domain_expert_review,True
OV2_000846,P000846,train,core,CORE_B_survey_measurement_08,survey_measurement,ASK_STATUS,Chiều cao đã được kiểm tra chưa?,Has the height been checked?,core_standard,C0212,medium,"{""concept"": ""C0212""}",True,False,0.95,needs_domain_expert_review,True
OV2_000847,P000847,train,core,CORE_C_survey_measurement_08,survey_measurement,REPORT_PROBLEM,Có vấn đề với chiều cao.,There is a problem with the height.,core_standard,C0212,medium,"{""concept"": ""C0212""}",True,False,0.95,needs_domain_expert_review,True
OV2_000848,P000848,train,core,CORE_D_survey_measurement_08,survey_measurement,REQUEST_INSPECTION,Kiểm tra lại chiều cao sau khi xử lý.,Recheck the height after corrective action.,core_standard,C0212,medium,"{""concept"": ""C0212""}",True,False,0.95,needs_domain_expert_review,True
OV2_000849,P000849,train,core,CORE_A_survey_measurement_09,survey_measurement,REQUEST_INSPECTION,Kiểm tra góc trước khi tiếp tục.,Check the angle before continuing.,core_standard,C0213,medium,"{""concept"": ""C0213""}",True,False,0.95,needs_domain_expert_review,True
OV2_000850,P000850,train,core,CORE_B_survey_measurement_09,survey_measurement,ASK_STATUS,Góc đã được kiểm tra chưa?,Has the angle been checked?,core_standard,C0213,medium,"{""concept"": ""C0213""}",True,False,0.95,needs_domain_expert_review,True
OV2_000851,P000851,train,core,CORE_C_survey_measurement_09,survey_measurement,REPORT_PROBLEM,Có vấn đề với góc.,There is a problem with the angle.,core_standard,C0213,medium,"{""concept"": ""C0213""}",True,False,0.95,needs_domain_expert_review,True
OV2_000852,P000852,train,core,CORE_D_survey_measurement_09,survey_measurement,REQUEST_INSPECTION,Kiểm tra lại góc sau khi xử lý.,Recheck the angle after corrective action.,core_standard,C0213,medium,"{""concept"": ""C0213""}",True,False,0.95,needs_domain_expert_review,True
OV2_000853,P000853,train,core,CORE_A_survey_measurement_10,survey_measurement,REQUEST_INSPECTION,Kiểm tra đường kính trước khi tiếp tục.,Check the diameter before continuing.,core_standard,C0214,medium,"{""concept"": ""C0214""}",True,False,0.95,needs_domain_expert_review,True
OV2_000854,P000854,train,core,CORE_B_survey_measurement_10,survey_measurement,ASK_STATUS,Đường kính đã được kiểm tra chưa?,Has the diameter been checked?,core_standard,C0214,medium,"{""concept"": ""C0214""}",True,False,0.95,needs_domain_expert_review,True
OV2_000855,P000855,train,core,CORE_C_survey_measurement_10,survey_measurement,REPORT_PROBLEM,Có vấn đề với đường kính.,There is a problem with the diameter.,core_standard,C0214,medium,"{""concept"": ""C0214""}",True,False,0.95,needs_domain_expert_review,True
OV2_000856,P000856,train,core,CORE_D_survey_measurement_10,survey_measurement,REQUEST_INSPECTION,Kiểm tra lại đường kính sau khi xử lý.,Recheck the diameter after corrective action.,core_standard,C0214,medium,"{""concept"": ""C0214""}",True,False,0.95,needs_domain_expert_review,True
OV2_000857,P000857,train,core,CORE_A_survey_measurement_11,survey_measurement,REQUEST_INSPECTION,Kiểm tra sai số trước khi tiếp tục.,Check the tolerance before continuing.,core_standard,C0215,high,"{""concept"": ""C0215""}",True,False,0.95,needs_domain_expert_review,True
OV2_000858,P000858,train,core,CORE_B_survey_measurement_11,survey_measurement,ASK_STATUS,Sai số đã được kiểm tra chưa?,Has the tolerance been checked?,core_standard,C0215,high,"{""concept"": ""C0215""}",True,False,0.95,needs_domain_expert_review,True
OV2_000859,P000859,train,core,CORE_C_survey_measurement_11,survey_measurement,REPORT_PROBLEM,Có vấn đề với sai số.,There is a problem with the tolerance.,core_standard,C0215,high,"{""concept"": ""C0215""}",True,False,0.95,needs_domain_expert_review,True
OV2_000860,P000860,train,core,CORE_D_survey_measurement_11,survey_measurement,REQUEST_INSPECTION,Kiểm tra lại sai số sau khi xử lý.,Recheck the tolerance after corrective action.,core_standard,C0215,high,"{""concept"": ""C0215""}",True,False,0.95,needs_domain_expert_review,True
OV2_000861,P000861,dev,core,CORE_A_survey_measurement_12,survey_measurement,REQUEST_INSPECTION,Kiểm tra tọa độ trước khi tiếp tục.,Check the coordinate before continuing.,core_standard,C0216,high,"{""concept"": ""C0216""}",True,False,0.95,needs_domain_expert_review,False
OV2_000862,P000862,train,core,CORE_B_survey_measurement_12,survey_measurement,ASK_STATUS,Tọa độ đã được kiểm tra chưa?,Has the coordinate been checked?,core_standard,C0216,high,"{""concept"": ""C0216""}",True,False,0.95,needs_domain_expert_review,True
OV2_000863,P000863,train,core,CORE_C_survey_measurement_12,survey_measurement,REPORT_PROBLEM,Có vấn đề với tọa độ.,There is a problem with the coordinate.,core_standard,C0216,high,"{""concept"": ""C0216""}",True,False,0.95,needs_domain_expert_review,True
OV2_000864,P000864,train,core,CORE_D_survey_measurement_12,survey_measurement,REQUEST_INSPECTION,Kiểm tra lại tọa độ sau khi xử lý.,Recheck the coordinate after corrective action.,core_standard,C0216,high,"{""concept"": ""C0216""}",True,False,0.95,needs_domain_expert_review,True
